date,cost,rmse,penalty,KAPPA,RHO,V0,VBAR,XI,LAMBDA,MU_Y,SIGMA_Y
20190402,0.04605547885159783,0.04372464,0.002330839423595784,3.162561,-0.059094000000000015,0.417997,0.20122,0.262935,0.993302,-0.031875,0.003247
20190407,0.03120451004908916,0.028710400000000004,0.002494114478077296,3.174419,-0.054815,0.546924,0.251156,0.26096,0.989215,-0.042865,6.9e-05
20190415,0.02243760250561569,0.01992485,0.002512747850120769,3.17125,0.102879,0.25360900000000003,0.528878,0.224843,0.994914,0.009768,0.000183
20190408,0.04805715099454247,0.04560231,0.0024548369335805485,3.160123,0.022781,0.597929,0.190785,0.240477,0.98798,0.007902,1e-05
20190409,0.013333128916782616,0.01092291,0.0024102210114174947,3.1526400000000003,-0.007140000000000001,0.519626,0.2879,0.252868,0.988796,-0.022458,1e-05
20190427,0.01658850516442703,0.01412864,0.00245986293708365,3.165516,0.08831900000000001,0.283315,0.4954810000000001,0.22757,0.994574,-0.004526,1e-05
20190406,0.024245686678480698,0.0217877,0.002457986369212389,3.160492,-0.009957,0.5353020000000001,0.229765,0.261077,0.991794,-0.071936,0.000211
20190405,0.033099124374020884,0.03066043,0.002438698811773666,3.165775,-0.007551,0.586761,0.161038,0.25154,0.98562,-0.00303,0.001082
20190418,0.014735121100036188,0.01141807,0.003317054923307167,3.238891,0.219079,0.236009,0.526379,0.6366069999999999,0.993507,-0.009863,1e-05
20190527,0.0391070722074898,0.03551718,0.0035898889807491757,3.234889,0.065525,1.076148,0.492468,0.230433,0.983788,0.0017350000000000002,0.001738
20190410,0.0198756480596304,0.01813095,0.0017447014055746418,2.44365,0.157971,0.348812,0.419332,6.9e-05,0.999367,-0.008775,0.005087
20190419,0.01743165406832054,0.01362954,0.003802109362083904,3.065271,0.276649,0.226514,0.569659,0.8841760000000001,0.994239,0.000136,1e-05
20190417,0.017766054576800732,0.01401753,0.0037485276341116345,3.2139330000000004,0.268979,0.23279,0.540086,0.782888,0.993259,-0.005755,0.000542
20190530,0.02743103521737321,0.02406993,0.0033611075005608513,3.236611,0.07812000000000001,0.947361,0.494783,0.237648,0.981165,0.024794,0.000491
20190416,0.01886937783032475,0.01626761,0.0026017674015618533,3.383156,0.007917,0.246539,0.5000359999999999,1.2e-05,0.993215,0.008742,0.002025
20190401,0.011337198208058636,0.00797901,0.003358187085931821,3.201104,0.187259,0.154177,0.393758,0.6308199999999999,1.052223,-0.195285,0.000132
20190428,0.017283157388172814,0.01424011,0.0030430480344761216,2.999883,0.215588,0.286245,0.491225,0.673938,0.997661,-0.009882,1e-05
20190528,0.028006761279837842,0.02406519,0.003941566427993526,2.89896,0.188084,1.020787,0.442016,0.813982,0.983267,0.026581,1e-05
20190426,0.015293264499201568,0.01433977,0.0009534951759566118,0.649994,0.067911,0.354017,0.60935,0.559284,1.009695,-0.036639,0.0004280000000000001
20190404,0.045186260072181635,0.04038888,0.004797377159698255,4.545948,0.075325,0.7342930000000001,0.149865,1.3e-05,0.985114,-0.067721,0.000196
20190423,0.015107474925868124,0.01417841,0.0009290686856174894,0.690312,0.029083,0.32385,0.7997529999999999,0.21503000000000005,1.02246,0.05880700000000001,1e-05
20190511,0.04824609309944337,0.0439392,0.004306896365722243,2.462525,0.107007,0.582752,0.393836,1.571552,0.99082,-0.038864,1e-05
20190420,0.020159139582206227,0.01763243,0.002526708755948025,1.428086,0.255981,0.249368,0.758009,0.905546,0.993552,-0.026045,1e-05
20190413,0.01436606775155801,0.01094248,0.0034235860206457826,0.532956,0.314085,0.279045,0.610921,1.122774,1.000319,-0.25853400000000004,0.001308
20190508,0.0321428179962059,0.03178624,0.00035658171924332713,0.711584,0.006343,0.451477,0.197103,0.08336299999999999,0.992011,0.022945,0.000368
20190617,0.03151500736101024,0.02628944,0.005225565779801972,3.205515,0.200473,0.830521,0.394442,1.386379,0.981342,0.011006,1e-05
20190412,0.008405460174966968,0.00683199,0.001573474924103242,0.58331,0.04365,0.325414,0.615209,0.818399,1.011923,0.182097,0.0025
20190506,0.01759054488585335,0.01710284,0.0004877022034446456,0.836347,0.021655,0.42368,0.26267,0.307556,0.997833,0.00159,7.3e-05
20190424,0.010136841017904007,0.00896358,0.0011732565381310973,0.971395,0.10249,0.326872,0.66398,0.561,1.018433,-0.041299,3e-05
20190517,0.022636656154363256,0.01698097,0.005655685173171536,3.079632,0.260445,1.140545,0.480001,1.24447,0.995604,-0.007716,1e-05
20190421,0.013906980876973134,0.01208041,0.0018265686812180496,1.008012,0.182053,0.245683,0.773345,0.675098,1.215506,0.133319,2e-05
20190414,0.022358814943476003,0.02031771,0.0020411037452732128,1.155077,0.209194,0.26931900000000003,0.6684829999999999,0.903924,0.993282,-0.003991,1e-05
20190422,0.01525505051197686,0.01337002,0.001885026181557089,1.152556,0.199635,0.267494,0.754659,0.761397,1.003772,-0.00146,1e-05
20190516,0.03985847999734903,0.03473916,0.0051193246833580045,3.175873,0.235797,1.146276,0.425613,1.022085,0.991401,0.025114,0.000528
20190411,0.01008341727066942,0.00979565,0.000287766546479623,0.103468,0.040961,0.401647,1e-05,0.316849,1.00235,-0.026708,3.3e-05
20190529,0.02127959582350181,0.01662591,0.004653690338164754,2.761176,0.226359,0.928224,0.529646,1.199686,0.98456,0.059256,1.4e-05
20190608,0.019842804026952217,0.01826126,0.0015815413195203914,0.367759,0.16146300000000002,0.5213810000000001,0.715845,0.686099,1.001743,-0.062201,0.000982
20190613,0.01003743845407621,0.00862988,0.001407556818480774,0.170475,0.113684,0.541918,0.658641,0.7192109999999999,0.997,-0.052684,1e-05
20190514,0.04017040379906549,0.03376455,0.006405855904368766,3.653471,0.261784,1.253779,0.4859100000000001,1.114845,1.001634,-0.001565,1e-05
20190614,0.012323368776261685,0.01042936,0.0018940043349675109,0.5042949999999999,0.06411900000000001,0.445994,0.661137,0.750552,1.006368,0.245497,8.6e-05
20190618,0.033065301556971884,0.02799072,0.005074577550680574,3.428684,0.153669,0.931323,0.376467,1.215798,0.979431,-0.000749,1e-05
20190610,0.008993864442937045,0.00681907,0.0021747925504472933,0.429999,0.025532,0.5554939999999999,0.705133,1.150663,0.996321,0.012179,1e-05
20190515,0.02985941821901928,0.02514979,0.004709624257399949,3.3120010000000004,0.173173,1.193427,0.442696,0.771713,0.99728,0.002705,0.000149
20190602,0.01740223767314392,0.01517263,0.002229608466545349,1e-05,0.001233,0.7397239999999999,0.545466,1.175729,0.983004,-0.015903999999999998,1e-05
20190519,0.027561183829736,0.02183718,0.005724000694979462,3.308813,0.26339,1.228381,0.387353,1.087036,0.996623,0.000324,4.5e-05
20190513,0.029976897876076908,0.02419618,0.005780716342730816,3.08067,0.22454,0.769949,0.406674,1.618702,0.980834,-0.0015539999999999998,1e-05
20190609,0.015150855321884453,0.01323693,0.001913921139026558,0.090882,0.041921,0.453447,0.8800450000000001,0.52186,1.023801,0.253423,0.000558
20190611,0.009317262353405287,0.00758601,0.0017312488590713116,1e-05,0.109446,0.482683,0.380895,0.893985,1.810896,-0.208371,0.000214
20190615,0.012544550280838177,0.01000284,0.0025417119639433755,1e-05,0.298404,0.474201,0.410048,0.912583,1.762509,-0.206256,0.000536
20190601,0.011152297448123766,0.00832141,0.002830882876837555,1e-05,0.047001,0.719015,0.735049,1.235053,0.986828,0.150337,0.001196
20190501,0.011574876156138095,0.0089604,0.002614473818618313,0.729958,0.260364,0.303838,0.673092,0.996008,1.006567,-0.171057,7.8e-05
20190403,0.06520514217172509,0.05880219,0.0064029563485722574,5.463028,0.005881,0.638547,0.148372,0.013988,0.991989,-0.019291,7.8e-05
20190512,0.04906907093243491,0.04293583,0.0061332415268068406,4.239538,0.148401,0.968708,0.389919,1.107951,0.985241,0.005392,2.6e-05
20190616,0.01893368747215078,0.01501567,0.0039180203851300905,1.586635,0.1132,0.725214,0.324706,1.629391,0.975303,-0.003354,1e-05
20190507,0.025875249677814842,0.02475145,0.0011237986719387198,0.112974,0.134932,0.426683,0.407949,0.768347,1.001013,-0.005855,6.4e-05
20190723,0.04386905407979445,0.03942041,0.004448639431948929,3.284538,0.079564,1.33358,0.625279,0.238582,1.00668,-0.007234999999999998,0.002902
20190626,0.049984343166465946,0.04348044,0.006503901948264577,3.468356,0.245361,1.357818,0.54142,1.163912,1.006628,0.021155,0.000303
20190711,0.041959890249153066,0.03775341,0.004206479971593877,3.2229240000000003,0.060358,1.225285,0.721576,0.23040500000000005,0.999238,-0.041859,1e-05
20190502,0.017301771601326038,0.01615865,0.0011431245169131194,0.6244029999999999,0.13233599999999998,0.342308,0.608626,0.614163,1.024305,-0.050222,5e-05
20190503,0.010917721053213795,0.00940821,0.00150951193156155,0.720479,0.049471,0.365144,0.624907,0.925899,1.010104,0.003036,1e-05
20190425,0.008116198738924746,0.00670999,0.0014062072768475874,0.999335,0.15023699999999998,0.326721,0.635981,0.680979,1.0293139999999998,0.024102,1e-05
20190612,0.009147482014383885,0.00779841,0.0013490693388483815,0.392025,0.028692,0.4277510000000001,0.5552020000000001,0.683056,2.698443,0.1877,1e-05
20190429,0.015031564360003372,0.01300161,0.0020299529015812773,0.764786,0.189164,0.345575,0.667053,0.994171,1.0462129999999998,-0.015443,1e-05
20190629,0.03248505446633016,0.02681553,0.0056695229042222645,3.240459,0.201601,1.356789,0.7175199999999999,0.893007,1.026268,-0.031311,1e-05
20190525,0.00983879462995422,0.00632437,0.003514420116764792,1e-05,0.041726,0.716136,0.529802,1.429647,0.97217,0.256822,6.2e-05
20190702,0.01621673016577687,0.01065278,0.005563950228738816,3.019325,0.252405,1.231188,0.6411680000000001,1.084702,1.0096969999999998,0.002902,0.000433
20190505,0.010246626665064998,0.00684861,0.003398011899379524,0.510315,0.17686300000000002,0.315372,0.8771180000000001,1.386956,2.185764,-0.155139,3e-05
20190520,0.025067597742873145,0.01996681,0.005100782939146418,2.579222,0.280535,1.058559,0.301785,1.196906,0.985722,0.184146,4.2e-05
20190523,0.01986158541185994,0.01759636,0.0022652226724729834,0.66392,0.192015,0.8489110000000001,1e-05,1.042911,0.981748,-0.002302,6.3e-05
20190722,0.03460642760556965,0.02948534,0.005121089998820389,3.163298,0.17385799999999998,1.237676,0.693997,0.896676,1.0087540000000002,-0.0017219999999999998,6e-05
20190622,0.026607283356733145,0.02279729,0.00380999729201118,0.8951209999999999,0.29249899999999995,1.184341,1e-05,1.177928,1.046872,0.020006,0.000375
20190430,0.007940880537317651,0.00584839,0.0020924861515527497,0.898767,0.102312,0.33837399999999995,0.678269,1.115593,1.038216,-0.026738,0.000326
20190720,0.0217676989206357,0.01593193,0.0058357643236378,3.290318,0.197545,1.388059,0.6182449999999999,0.983501,1.01405,-0.019547,0.001593
20190509,0.017920203307721046,0.01510964,0.002810564147705353,0.402086,0.124353,0.389976,0.659925,1.297906,1.1366120000000002,-0.18747,1e-05
20190628,0.04094092807439311,0.03105403,0.009886895420906143,5.1798470000000005,0.17404,1.61418,0.803995,0.980319,1.025825,0.021962,1e-05
20190716,0.02437125734330351,0.018887400000000002,0.005483861015968198,3.166135,0.212897,1.25929,0.6693640000000001,0.99588,1.014667,0.00296,0.000207
20190721,0.057059610470079486,0.04807208,0.008987530637988071,5.585539,-0.011471,1.450801,0.692972,0.004501,1.003565,0.126949,0.001873
20190619,0.033572347928948525,0.0315584,0.0020139459341294444,0.987966,0.111437,0.676771,1e-05,0.801655,1.646834,0.243696,4.2e-05
20190725,0.026927805923221502,0.0213009,0.005626904730755957,3.121826,0.231665,1.260574,0.664089,1.05083,1.011346,0.025819,0.000925
20190518,0.02697752940283708,0.02427509,0.002702437547009937,0.972823,0.156128,1.084682,1e-05,1.029262,0.989005,-0.057867,1e-05
20190621,0.022103511308531755,0.01832126,0.0037822549512575476,1.7328009999999998,0.208849,0.845182,0.35317800000000005,1.380718,0.991672,-0.00323,8.9e-05
20190606,0.014463502839735047,0.01293472,0.0015287824592243818,0.017224,-0.00698,0.65015,1e-05,1.050736,1.003668,-0.012222,1e-05
20190504,0.013314825586892223,0.00892268,0.004392142675516143,0.661907,0.367602,0.277008,0.7515270000000001,1.38204,2.1185560000000003,-0.200411,1e-05
20190806,0.02068991246176645,0.01553555,0.0051543671792080355,2.992252,0.21847,1.134893,0.743988,1.021398,1.013639,0.012675,1e-05
20190724,0.03322979022983528,0.02766071,0.005569076681661716,3.136861,0.210276,1.299587,0.652397,1.0219200000000002,1.014761,-0.002651,1e-05
20190531,0.009239909268252768,0.00685327,0.002386637472230308,0.893325,0.159032,0.813573,0.38308,1.079374,1.017083,-0.006476000000000001,1e-05
20190718,0.0434135515802766,0.035909699999999996,0.0075038466588355935,4.295711,0.139986,1.510814,0.555529,1.012948,1.001695,0.001638,1e-05
20190603,0.01681077977454043,0.01400821,0.0028025714490241987,0.386481,0.254632,0.5541550000000001,0.062385,1.112486,3.497856,-0.239906,0.0013039999999999998
20190715,0.03740414756418515,0.03132307,0.006081079327619817,3.415783,0.213555,1.34899,0.589643,1.060208,1.012979,-0.001049,1e-05
20190605,0.013967891483969914,0.01105535,0.002912542372040772,1.387828,0.08492899999999999,0.6280140000000001,0.388136,1.210228,3.082398,-0.211068,1e-05
20190522,0.018641962403846662,0.01589727,0.0027446906605672564,0.672793,0.262255,0.8845930000000001,1e-05,1.088043,0.975315,-0.002041,0.000125
20190604,0.009035192265499712,0.00693761,0.0020975821650662347,0.306052,0.08366699999999999,0.779829,1e-05,1.183443,1.240093,-0.004188,1e-05
20190717,0.057931375379497635,0.04289444,0.0150369308739318,7.508033,0.023216,1.832507,0.613861,0.148064,1.000815,0.007723999999999998,1e-05
20190719,0.04158869347037385,0.03055505,0.011033642885613072,6.192272,0.047885,1.6574779999999998,0.732358,0.239863,1.019507,0.008668,1e-05
20190703,0.021065058302591543,0.01641542,0.0046496396579860854,2.820591,0.203355,1.148574,0.625958,0.897314,1.009426,0.113463,0.000184
20190607,0.015215685605489773,0.01236095,0.002854736515867258,0.367127,0.319512,0.399525,0.065919,1.073195,4.701107,-0.221626,0.000283
20190901,0.015286517535623968,0.01375549,0.0015310309760625644,0.456641,0.113053,0.6405390000000001,0.818525,0.477286,1.003052,-0.07309,0.000452
20190909,0.011325787819459941,0.00740238,0.003923404991807857,3.144145,0.236297,0.494749,0.7236060000000001,0.7824949999999999,0.994804,-0.026892000000000003,1e-05
20190914,0.0316594019651656,0.02844294,0.003216457826536867,3.262322,0.099614,0.354953,0.897199,0.228015,1.000538,0.023939,1e-05
20190910,0.010002825468302924,0.00575665,0.004246171498491915,3.107239,0.256023,0.475357,0.759847,0.913847,0.995614,-0.046045,0.0007559999999999999
20190810,0.014254109369453274,0.01112876,0.0031253463664308173,2.11607,0.028713,0.7243850000000001,0.664804,1e-05,1.456517,0.353877,0.005067
20190825,0.010693969832072908,0.00688507,0.003808896716175332,1e-05,0.014814,0.750629,0.834564,1.593785,0.985735,-0.025711,1e-05
20190915,0.029807896359651555,0.026631000000000002,0.0031768962372628697,3.257112,0.08584,0.377254,0.888014,0.223447,1.000328,0.007982,1e-05
20190812,0.025766859602254385,0.02208346,0.0036833975340641563,1.432755,0.25966300000000003,0.802094,1.1111,0.82205,0.991738,0.067026,1e-05
20190708,0.013759080155535926,0.01045945,0.003299630733829559,0.696988,0.265849,0.916101,0.963741,0.84849,1.932272,-0.027826,8.6e-05
20190521,0.014111563526665788,0.01136842,0.0027431418823408165,1.154334,0.094062,0.7631560000000001,1e-05,0.99362,2.14902,0.286091,1e-05
20190510,0.019809889032657416,0.01631048,0.003499405161214881,1e-05,0.452191,0.266613,0.026191,1.074533,8.613982,-0.151078,1e-05
20190802,0.011496011977312457,0.00776803,0.0037279816899100093,1e-05,0.030338,0.8154239999999999,0.7450600000000001,1.21961,1.171498,0.317966,0.001654
20190913,0.023427706064739817,0.01967389,0.003753818882137167,3.217677,0.190592,0.407918,0.8701549999999999,0.628659,0.999228,-0.010468,0.00015900000000000002
20190926,0.0590062479625756,0.05598524,0.00302100567950758,3.245188,0.05356,0.8414200000000001,0.341382,0.245409,0.984675,0.008483,0.00244
20190922,0.017365648129932913,0.01431547,0.003050177702957609,3.269344,0.048626,0.376865,0.8330639999999999,0.228422,0.998813,-0.007823,1e-05
20190811,0.015901672290506954,0.01266401,0.003237659894561617,2.237126,0.009236,0.626088,0.66759,0.000496,1.566618,0.373924,0.00023
20190920,0.019561549214109887,0.01518658,0.0043749656824434,3.220723,0.280099,0.40028,0.803294,0.841601,0.998652,0.013937,0.000762
20190821,0.009571690251802049,0.00557055,0.004001138256124078,0.001999,0.345632,0.710394,0.725348,0.981371,1.164663,-0.285069,0.000114
20190820,0.010646828587943887,0.00674311,0.0039037159712564467,1.363591,0.234912,0.7187140000000001,1.076615,0.772944,1.080582,-0.265878,1e-05
20190823,0.007532631809820231,0.00386612,0.0036665164337597016,0.953866,0.298925,0.678411,0.902449,0.956031,1.735571,-0.200582,4.7e-05
20190916,0.024201626413020358,0.02068417,0.0035174596725788976,3.133485,0.189801,0.41524,0.803383,0.610755,0.99823,-0.016117,1e-05
20190704,0.01790859952932934,0.01408028,0.003828321809738122,1.588788,0.215844,1.054968,0.368185,1.144899,2.702448,0.172706,1e-05
20190630,0.030280118944414038,0.02775337,0.002526745424568093,0.321994,0.23562,1.039248,0.048371,0.8451639999999999,1.390836,0.124162,1e-05
20190921,0.01676490614090893,0.01252676,0.004238149525044118,3.307824,0.24679,0.334468,0.831619,0.7950689999999999,1.014023,-0.022724,1e-05
20190908,0.010305133391431076,0.00789435,0.0024107795801817816,1.566605,0.17848,0.5193260000000001,0.8841690000000001,0.741568,0.993466,3.7e-05,1.9e-05
20190815,0.03999458297981719,0.03767869,0.0023158903974186155,1.032466,0.197831,1.047587,0.01996,0.783201,0.988822,-0.002907,1e-05
20190829,0.02706735505889679,0.0259969,0.001070455781959863,0.41826,0.104269,0.7657229999999999,0.035742,0.5817319999999999,0.978715,0.008515,1e-05
20190925,0.02806184653269381,0.02414644,0.003915409186452644,2.941032,0.14561400000000002,0.75115,0.451707,1.097765,0.984156,-0.002862,0.000266
20190923,0.013547822149000369,0.00986922,0.0036785979637732735,3.184057,0.181323,0.411282,0.784931,0.732688,0.997202,-0.00269,1e-05
20190524,0.011765428877635507,0.00917576,0.0025896687401209357,0.253362,0.039797000000000006,0.6441319999999999,1e-05,1.319253,3.610282,0.201279,0.002292
20190830,0.017302523768696773,0.01483262,0.002469902474275364,0.030205000000000006,0.01709,0.54119,0.987214,0.00031800000000000003,0.858701,0.345382,0.008022
20190817,0.024773978412737475,0.022972299999999998,0.0018016766080229066,0.4905930000000001,0.175286,0.951096,1e-05,0.735849,1.02502,-0.004797999999999999,2.1e-05
20190818,0.02311674951932495,0.02111798,0.001998772067340242,0.194974,0.172389,0.897701,1e-05,0.94233,1.027012,-0.003721,1e-05
20190730,0.025537385165829183,0.02371932,0.0018180602554173444,0.368063,0.149333,0.997293,0.023017,0.756775,1.033937,-0.003615,7.7e-05
20190731,0.020925218255741958,0.0189857,0.0019395161694634121,0.428183,0.150644,1.000219,0.033518,0.8211809999999999,1.035985,0.001065,1e-05
20190707,0.01875330390023549,0.01644399,0.0023093165495731865,0.046553,0.219522,0.948153,1e-05,0.962198,1.12726,0.014716,1e-05
20190928,0.022251854301700014,0.01966827,0.002583580358314425,2.131397,-0.216159,0.817719,0.708229,0.000478,0.990079,0.061244000000000014,1.8e-05
20190907,0.011657586706187387,0.00925965,0.0023979340830416946,1.38002,0.201799,0.550111,0.829493,0.78587,1.000075,0.012413,5.5e-05
20190814,0.017568719795485774,0.01569072,0.001877999858697756,0.016975,0.221973,0.816104,0.030729000000000006,0.84703,1.350503,-0.008904,1e-05
20190713,0.01436830197284271,0.01252613,0.0018421709581287128,0.298987,0.14623699999999998,1.0128469999999998,0.011354,0.683483,1.385416,0.108306,1e-05
20190903,0.013309177471045736,0.01133802,0.0019711531338331752,1e-05,0.127897,0.589559,0.5037590000000001,0.603006,0.881545,0.290249,0.001266
20190822,0.007019279028202987,0.00348845,0.0035308308098818968,0.606524,0.284515,0.7244,0.883099,0.948617,1.689487,-0.210542,7.900000000000001e-05
20190701,0.013880572412113828,0.01171499,0.0021655871846894127,0.446301,0.175999,0.980081,0.490706,0.669667,1.507486,0.128915,6.3e-05
20190726,0.012101930962921744,0.00970788,0.002394050874905997,0.180282,0.157756,1.050651,1e-05,1.009608,1.138826,-0.039374,1e-05
20190526,0.012639455402190929,0.01128275,0.0013567094412850259,0.429148,0.139925,0.454503,0.045834,0.773085,8.654404,0.178255,1e-05
20190828,0.01532811443461754,0.01321664,0.0021114741211993907,1e-05,0.165795,0.657277,1e-05,0.951634,1.0470549999999998,-0.223377,1e-05
20190801,0.01336426085562744,0.01112244,0.0022418199425222004,0.4768810000000001,0.208661,0.953176,1e-05,0.923095,1.035617,0.0053950000000000005,7.5e-05
20190620,0.02397806505164294,0.02005419,0.003923872798984847,1.087465,0.368659,0.5169819999999999,1e-05,1.3392190000000002,9.397884,-0.16355,5.5e-05
20190906,0.015696144213474005,0.01341558,0.0022805606523582053,0.5931310000000001,-0.00396,0.501149,0.996019,1e-05,0.94056,0.305816,0.017778
20190625,0.022416144172403268,0.01970876,0.0027073874419278237,0.16755699999999998,0.139599,0.845117,1e-05,1.073288,1.4266,0.253125,1e-05
20190728,0.02096667211350372,0.01851351,0.002453157247851305,0.34278000000000003,0.204849,1.028822,1e-05,0.975234,1.085598,0.006873000000000001,3.9e-05
20190826,0.01233509414101871,0.01064461,0.001690480163725611,0.30037600000000003,0.16938399999999998,0.7538090000000001,1e-05,0.904021,1.04928,-0.001883,0.00028
20190905,0.010458467080777934,0.00812772,0.002330748763992011,0.6788350000000001,0.225273,0.6183960000000001,0.884239,0.752605,1.039308,-0.006266,0.000261
20190714,0.015581954129792196,0.01292328,0.002658669893329116,0.822774,0.186373,1.074474,0.345931,0.945801,1.0508,0.02685,0.000433
20190624,0.015623410685713641,0.01305374,0.002569672522263733,0.156725,0.264056,0.910578,0.032033,1.01773,1.120061,0.012462,1e-05
20190831,0.014597836941111013,0.01149904,0.003098799888545623,1e-05,0.302239,0.504655,0.301065,1.071367,2.8544650000000003,-0.263085,0.000596
20190911,0.009361623341503278,0.0050525,0.004309118631718803,1.713151,0.345035,0.417842,0.789083,1.092672,1.55025,-0.232481,6.4e-05
20190729,0.015978826855073087,0.01431633,0.0016624935042334566,0.010519,0.13526300000000002,0.943053,1e-05,0.764892,1.145145,0.022588,1e-05
20190904,0.010790335143801571,0.00866411,0.002126225634439582,0.577853,0.145689,0.569538,0.733685,0.597969,0.867698,0.25016,0.003399
20190930,0.017994295234616674,0.01653324,0.0014610516751275991,1.370176,0.023366,0.8399,0.6119359999999999,0.000103,0.993515,0.004676,1.1e-05
20191017,0.02193745584856875,0.01725036,0.004687099445894757,3.85255,-0.187227,0.360998,0.951982,0.572904,1.001301,0.018227,1e-05
20190912,0.0071462579344389815,0.00375724,0.003389013896815591,1.015868,0.217368,0.490105,1.115856,1.09294,1.004104,-0.055020000000000006,1e-05
20190712,0.01835195708454941,0.01603514,0.002316820119770498,0.5664939999999999,0.185906,1.097225,0.139252,0.8268790000000001,1.044911,-0.000733,1e-05
20191014,0.02562228020986037,0.0211516,0.004470684750693206,4.083204,0.017997,0.351511,1.004181,0.002041,1.014803,-0.009948,0.000112
20190805,0.03227512390600065,0.03021821,0.002056916865591232,0.8620110000000001,0.152998,1.110331,0.117516,0.653832,1.038056,-0.002782,3.9e-05
20190709,0.011650052512711971,0.00897221,0.0026778391307068425,0.448219,0.188107,0.917477,1e-05,1.001835,3.1415610000000003,0.20937600000000006,1.8e-05
20190627,0.0398536496707179,0.0355037,0.004349944946801687,0.590421,0.273376,1.545565,1e-05,1.069626,1.385406,-0.000872,1e-05
20190827,0.009198672540821393,0.0062139,0.0029847762947324205,1e-05,0.160215,0.6563479999999999,0.579448,1.166342,1.047187,-0.24519,1e-05
20190808,0.01291076754513411,0.01043272,0.002478043418747489,1e-05,0.249675,0.899236,1e-05,0.877856,2.060536,-0.165956,1e-05
20191025,0.019078601893844062,0.01458415,0.004494454479873539,4.198445,-0.125869,0.227327,0.8695930000000001,0.000295,1.010223,-0.016556,0.0004940000000000001
20190727,0.0147539840154241,0.01281379,0.0019401909035803434,1e-05,0.192979,0.95885,1e-05,0.804995,1.218409,0.006108,1e-05
20190816,0.009173950187707565,0.00582575,0.0033481970128245073,0.156291,0.294868,0.749689,1e-05,1.075304,1.725004,-0.274868,1e-05
20190819,0.013711881402459594,0.00908216,0.004629721330572302,0.449589,0.344873,0.743607,1e-05,1.286377,1.755812,-0.345283,1e-05
20191101,0.019580795768798932,0.01655895,0.0030218428792806147,3.250626,0.099168,0.436875,0.754185,0.22475100000000006,0.996462,-0.001375,1e-05
20191002,0.01981498539285876,0.01718928,0.0026257053796088572,2.1795310000000003,0.006973,0.6402,0.862891,9.2e-05,1.62925,-0.228191,1e-05
20190623,0.019674239483752142,0.01512692,0.004547316838783105,0.413692,0.310033,0.8420190000000001,1e-05,1.410966,3.088388,-0.291902,5.3e-05
20190917,0.01232315865365933,0.01008669,0.002236472270763382,1.1917209999999998,0.071017,0.39428,0.8499690000000001,0.319653,0.950563,0.303631,1e-05
20191020,0.02160259595140129,0.01595588,0.005646716160499964,4.765077,-0.124743,0.320862,0.8445959999999999,0.358085,1.0042879999999998,0.023232,2.8000000000000006e-05
20191008,0.01978898753341624,0.01487434,0.0049146471916029924,3.3793230000000003,0.069495,0.391956,0.853514,0.178871,1.064329,-0.408445,1e-05
20190706,0.009023274827913371,0.00709196,0.0019313177992703113,0.003761,0.119375,0.701368,1e-05,0.983074,6.492848,0.18178,0.000445
20191010,0.025941921866232426,0.0201105,0.005831420074886601,4.7956910000000015,-0.065526,0.415624,0.990028,0.189309,1.003991,-0.001154,0.000101
20191015,0.018942042936570654,0.01375136,0.005190681081967989,3.910132,0.111187,0.319087,0.828583,1e-05,0.997881,-0.335639,0.030713
20190924,0.016801109122158046,0.01469948,0.002101630070462659,1.102063,0.16227,0.503123,0.934263,0.683369,0.997693,-0.015594,2e-05
20191009,0.024222236691895056,0.01978606,0.004436179138782221,3.3782080000000003,0.035076,0.399342,0.904139,0.168051,1.070347,-0.337081,1e-05
20191021,0.0227222522577792,0.01721846,0.00550379635964706,4.840776,-0.007135,0.320304,0.844409,0.032244,1.003301,0.000508,1e-05
20191023,0.022757910421299262,0.01810287,0.004655045277741464,4.363887999999998,0.053213,0.311632,0.838255,1e-05,1.014412,-0.042708,1e-05
20190902,0.008426830784595885,0.00428788,0.0041389523903993,0.269004,0.381918,0.481021,0.08791399999999999,1.24539,2.55137,-0.295931,0.000144
20191022,0.0224941626691356,0.01859558,0.003898577920725697,3.500036,0.016,0.286115,0.807597,0.065573,1.047102,-0.266006,1e-05
20191011,0.025862971861138,0.01981872,0.006044247016106537,4.937611,-0.031468,0.407352,0.981863,0.000371,1.010933,-0.053244000000000014,0.000133
20191024,0.025235520219007768,0.02304178,0.0021937409724403947,2.028686,-0.091441,0.399855,1.014385,0.312815,0.998209,0.005459,3.9e-05
20191012,0.029252442579096725,0.02161778,0.007634665936060019,5.670672,0.018656,0.379619,0.920221,0.000269,1.020835,-0.144556,2e-05
20190807,0.00840037516747625,0.00610685,0.0022935254652843105,0.316067,0.147587,0.934787,1e-05,0.894025,2.928699,0.195607,1e-05
20191003,0.027164761105755057,0.02415248,0.003012282231485548,2.413329,0.118824,0.577548,0.937608,5.9e-05,1.6947150000000002,-0.222069,0.002106
20191026,0.027528808010430072,0.023749799999999998,0.003779005977574607,2.814932,0.164158,0.8425540000000001,0.509232,0.974677,0.986598,0.023431,0.000768
20191102,0.033250592313444016,0.02914497,0.004105626302231239,3.61102,0.210995,0.398416,0.702216,0.6298779999999999,0.997255,0.019888,1e-05
20190824,0.01849862394265624,0.01290374,0.005594884817980738,0.078849,0.444284,0.551683,0.110622,1.281953,1.847626,-0.407402,1e-05
20191104,0.029821832781101468,0.02515419,0.004667646352130146,3.514477,0.281479,0.370588,0.7322069999999999,0.8546790000000001,1.000753,0.01044,0.000186
20191103,0.03107448311391625,0.02628425,0.004790237932651053,3.494713,0.292481,0.382456,0.7390909999999999,0.8941459999999999,0.998597,0.002032,0.001086
20190919,0.009572096610425176,0.00696013,0.002611965763374757,0.793466,0.215675,0.5170520000000001,0.961791,0.91006,1.006523,-0.005442,0.000112
20191129,0.024690425395548655,0.02186676,0.0028236642599124484,3.2215700000000003,0.10346099999999997,0.31751,0.696475,0.233694,1.000078,-0.006453,1e-05
20190710,0.020423615738177,0.01756739,0.002856224791687276,0.55362,0.222712,1.0681770000000002,0.042897000000000005,0.94664,2.208676,0.16122899999999998,1e-05
20191106,0.0209695750944383,0.01665856,0.00431101262432851,3.24425,0.280879,0.372271,0.721904,0.870035,0.998319,-0.005796,0.000455
20191031,0.02345999429182552,0.01949084,0.003969157451918204,3.121313,0.258014,0.470515,0.724543,0.779954,0.996621,-0.004894,0.00036
20191019,0.019028291177276214,0.01494882,0.0040794730947802255,3.3524,0.138021,0.254317,0.778933,0.4551560000000001,1.988466,-0.276166,7.4e-05
20191006,0.01955530612879096,0.01583975,0.003715560345012479,2.843514,0.18163,0.347183,0.793545,0.58602,3.830449,-0.259785,4e-05
20191108,0.019875851259007017,0.01581231,0.004063541153925615,3.217027,0.209125,0.261193,0.770871,0.945457,0.999773,-0.000469,1e-05
20191005,0.02401436791241185,0.01972322,0.004291145138629503,3.487813,0.110463,0.317893,0.7610779999999999,0.29489,2.914948,-0.311272,8.499999999999999e-05
20191018,0.017795450471031003,0.01401049,0.003784960363161506,3.318576,0.093135,0.253488,0.830218,0.286826,2.000706,-0.256874,7e-05
20191114,0.030965720273154,0.0272582,0.003707519311004515,2.819141,0.240326,0.286491,0.800958,0.903783,0.998962,0.000776,5.8e-05
20191105,0.02299728521187745,0.01848103,0.004516252865109915,3.4076160000000004,0.279911,0.364314,0.734595,0.8590549999999999,0.999756,-0.002076,0.000279
20190929,0.03392041855130596,0.03206354,0.0018568800938296981,1.300994,-0.200467,0.5866100000000001,1e-05,1e-05,5.38376,-0.277271,0.005991
20191116,0.028339267171462037,0.02316878,0.005170489583150451,3.727957,0.261436,0.231483,0.7776489999999999,1.0242790000000002,1.0038790000000002,-3.1e-05,9.6e-05
20191113,0.02428311929880168,0.01897653,0.005306585958225639,4.719259,0.122194,0.255994,0.7129270000000001,0.359045,1.0008290000000002,0.0052840000000000005,1e-05
20190918,0.011542257190312046,0.00903655,0.002505711922354428,1.077755,0.17256,0.394674,0.943951,0.724092,1.787693,0.201122,0.000349
20191004,0.018585746113247426,0.01169859,0.006887156647108607,3.416835,0.351524,0.38566,0.67628,1.062827,1.888606,-0.397596,1e-05
20191202,0.02091265935822459,0.016146399999999998,0.004766257083108389,3.200406,0.324695,0.340408,0.693836,1.031931,1.001815,0.01103,0.000939
20191120,0.020791430734860068,0.01636009,0.0044313418529226605,3.182573,0.238585,0.27634699999999995,0.8075359999999999,1.052381,0.999487,0.006103,1e-05
20190804,0.0085829881666413,0.00660213,0.0019808614492058505,0.021837,0.16711199999999998,0.8762620000000001,1e-05,0.962405,1.311279,-0.027284,1e-05
20191203,0.02146533983449605,0.01682146,0.004643880592511785,3.145416,0.314437,0.32605100000000004,0.706727,1.027666,1.001154,0.038178,1e-05
20191206,0.02007597170870077,0.01502259,0.0050533800413508035,3.232512,0.331086,0.308141,0.6777350000000001,1.143514,1.000629,-0.023398,1e-05
20191123,0.02130340725037136,0.01823857,0.0030648336339857358,2.967519,0.142516,0.372828,0.736256,0.644397,0.998852,0.020418,1e-05
20191210,0.019870751517138355,0.01529661,0.004574138872252032,3.244344,0.298783,0.2969,0.709955,0.989177,1.001344,-0.023697,1e-05
20191209,0.021961738849386857,0.01759539,0.0043663506938398135,3.403179,0.259513,0.291696,0.718138,0.880743,1.001074,-0.000126,0.0006129999999999999
20191208,0.017773478273749047,0.01327898,0.004494495035371321,3.2855730000000003,0.281583,0.283541,0.726208,0.96647,1.000792,-0.008674,0.000445
20190705,0.02120708552163138,0.01845837,0.002748711536279324,0.453508,0.235055,0.969981,0.329167,0.91342,1.771461,0.164778,1e-05
20190809,0.01211631787247881,0.00951279,0.002603526555275547,0.11291,0.07925399999999999,0.717448,1e-05,0.69915,1.040307,0.391743,1.5e-05
20190803,0.011503855663598885,0.00942522,0.0020786352512741518,1e-05,0.167683,0.732649,1e-05,0.849533,2.558643,0.232159,1e-05
20191007,0.015832145751154606,0.01148304,0.00434910126013299,3.241665,0.14813900000000002,0.407199,0.83629,0.409115,1.972917,-0.315498,0.000334
20191215,0.033510112856004526,0.02949231,0.004017799756171761,3.381745,0.21023200000000006,0.241492,0.748694,0.78703,1.003822,0.070594,0.002177
20191001,0.011269361609815185,0.00997772,0.0012916424110400908,1e-05,0.109617,0.612476,1e-05,0.653475,5.735744,-0.192179,1e-05
20191118,0.021593272545683283,0.0136971,0.007896168931526707,3.715463,0.447448,0.15477,0.608298,1.373887,1.894438,-0.29182,1e-05
20190927,0.016968663514246255,0.01336648,0.0036021822694248533,2.559671,0.191683,0.6043569999999999,0.029789,1.069683,10.265722,-0.203475,1e-05
20191016,0.01320222233924884,0.00901168,0.004190540522381607,2.05968,0.261391,0.277585,0.86114,1.096624,3.391522,-0.248481,0.014215
20191117,0.03223841900983593,0.02595479,0.006283629777895125,3.43853,0.328737,0.153462,0.718531,1.308496,2.107441,-0.242117,0.000686
20191221,0.016854641567810587,0.01283764,0.0040170019559453785,3.135467,0.214864,0.289369,0.8017029999999999,0.92876,1.0004110000000002,0.000376,0.0006940000000000001
20191223,0.016529098443154158,0.01257792,0.0039511809944950465,3.256883,0.185139,0.223723,0.8553870000000001,0.8394360000000001,1.003105,-0.007442,0.000372
20191220,0.0172736968349563,0.01333534,0.0039383535334012,3.041649,0.204635,0.307102,0.7729199999999999,0.98867,1.000382,0.002982,1e-05
20191207,0.012023245007529076,0.00600909,0.0060141534677132,3.042717,0.355761,0.274781,0.648691,1.392605,1.013199,-0.21476,1e-05
20191222,0.029169897340659806,0.02467947,0.004490431337191546,3.115746,0.255992,0.230623,0.838327,1.065783,1.003264,-0.012874000000000002,0.00026000000000000003
20191111,0.019398448054890115,0.01367776,0.005720687561293813,4.38426,0.252747,0.270274,0.6986760000000001,0.786345,0.999263,0.076153,1e-05
20191227,0.021838014643148697,0.01768852,0.004149491723848238,3.338581,0.211204,0.227049,0.8522129999999999,0.8339780000000001,1.004643,0.009202,0.000325
20191225,0.018006116832193025,0.01383951,0.004166602777843067,2.8366860000000003,0.24646,0.24289,0.8710180000000001,1.06402,0.999933,-0.001146,1e-05
20191110,0.02427893515893521,0.01796116,0.0063177751851415855,4.708051,0.253429,0.238885,0.698937,0.8341729999999999,1.001417,0.009687,4.6e-05
20191229,0.02727231735004844,0.02316474,0.004107577039832979,4.0423269999999984,0.052013,0.193839,0.857585,0.197025,1.003449,0.007489,0.000593
20191013,0.5891336403512231,0.02870359,0.5604300493881145,52.90932,-0.049336,0.23410300000000006,0.6867840000000001,0.001067,0.198404,0.000997,1e-05
20200102,0.02780282536830983,0.02290502,0.004897805435111739,3.624645,0.258406,0.226879,0.887502,0.872238,1.00416,0.014784,0.001835
20191224,0.022385149511691342,0.01934059,0.00304456301404106,1.985734,0.160762,0.252885,1.070334,0.8865629999999999,0.994447,0.013893,1.8e-05
20191107,0.027417475560125283,0.02421057,0.003206905961063277,1.943736,0.252963,0.31692800000000004,0.798929,0.930034,2.006889,-0.14411300000000002,1e-05
20200114,0.02237940595034512,0.0193715,0.0030079051882011525,3.20661,0.103654,0.311118,0.832902,0.23032800000000006,0.998907,0.0065,1e-05
20191230,0.027646913697660255,0.02195956,0.005687349831625621,3.893889,0.262201,0.214735,0.881108,1.0671,1.013327,-0.024934,1e-05
20191226,0.019626616243421054,0.01567977,0.003946848764500803,2.260077,0.283301,0.258556,0.99436,1.032502,0.997174,0.00996,0.000218
20191109,0.024865955629039538,0.02306359,0.001802364568185096,1.797087,0.03552,0.22413200000000005,0.8054319999999999,0.08473,2.34426,-0.209215,1e-05
20191112,0.02295318229733602,0.01599276,0.00696042097649685,3.5258160000000003,0.406663,0.213521,0.617095,1.230182,1.316831,-0.296758,3.8e-05
20200107,0.02327906134936045,0.01851398,0.0047650847797023705,3.149587,0.264335,0.273294,1.010808,0.992878,1.004328,0.003797,0.000128
20191115,0.019359213386324403,0.0144233,0.0049359180863888545,3.087473,0.022702,0.180774,0.633207,0.311369,0.365949,0.499364,0.000679
20191205,0.025402969622904874,0.02282513,0.0025778418724821768,1.6054540000000002,0.223111,0.37226,0.850835,0.837817,0.998582,0.003544,8e-05
20191211,0.017441597231141068,0.01439231,0.0030492852868213268,1.852896,0.181559,0.221967,0.681661,0.869281,1.299939,0.276301,0.000146
20191212,0.029205894069291482,0.02390865,0.005297247001999129,2.499628,0.393154,0.244223,0.648135,1.203085,1.841259,-0.239746,3.8e-05
20191201,0.010459014731150571,0.0059559,0.004503119642826864,1.120716,0.262357,0.318656,0.955675,1.429018,1.414169,-0.225091,2.8000000000000006e-05
20200109,0.024652179894023768,0.02014013,0.0045120480333110035,2.945365,0.23608,0.323079,0.998206,1.0569540000000002,1.002005,0.013147999999999998,1e-05
20191219,0.04451604335013752,0.04270434,0.001811706245777284,1.236724,0.108809,0.366804,1.021892,0.363779,1.139653,-0.08733300000000001,1e-05
20191119,0.018065922737581067,0.01052178,0.007544140053429599,3.4694870000000004,0.417764,0.17456,0.652412,1.461812,1.7150009999999998,-0.282556,0.00044
20191213,0.023376335392016338,0.01704621,0.006330125310927809,4.543258,0.26615700000000003,0.247846,0.670449,0.991162,1.001945,0.004005,4.2e-05
20200111,0.024540954441355643,0.01961378,0.004927174618461892,3.4364260000000004,0.255913,0.272861,0.956344,0.959123,1.008951,-0.012214,2.5e-05
20200106,0.027285476919469285,0.02088181,0.0064036684918985145,4.705858,0.213971,0.210163,0.874916,0.8394370000000001,1.02247,-0.015849000000000002,2.1e-05
20191124,0.013599989637435814,0.00860632,0.004993665569033537,0.809055,0.265849,0.325487,1.034108,1.372246,1.011888,-0.331301,0.000324
20191218,0.02498621135596629,0.02216702,0.0028191894192911558,0.981236,0.175635,0.412419,0.957937,1.075968,1.000285,-0.08526900000000001,1e-05
20191029,0.011404115508736629,0.00877681,0.0026273091874744877,0.646791,0.151586,0.507499,0.873345,0.809954,1.616318,0.252402,0.002188
20191121,0.03380360531442112,0.03096766,0.002835942785894931,1.7530720000000002,0.18628,0.302034,1.041685,0.7677609999999999,1.343932,-0.104162,1e-05
20200101,0.023444297033700656,0.01645349,0.006990805051715949,5.091892,0.228084,0.205026,0.807929,0.768275,1.011276,0.002815,1.5e-05
20191027,0.016939772500745347,0.01431508,0.002624690826319571,0.534571,0.053109,0.5970310000000001,0.942099,1e-05,0.8875059999999999,0.35990700000000003,0.000105
20200104,0.03274517992958883,0.02700969,0.005735489664307417,3.699541,-0.004454,0.163305,0.777296,0.030748,0.387081,0.486433,1e-05
20191130,0.016147171143993926,0.0111869,0.004960273954804071,1.597359,0.410027,0.21651,0.717622,1.297166,3.325171,-0.228964,1e-05
20191216,0.01812958338795793,0.01051438,0.007615199034409151,3.144531,0.498691,0.173192,0.561764,1.478896,2.651311,-0.248585,3.5e-05
20190813,0.03384488553174106,0.01656448,0.01728040859341494,6.6244429999999985,0.379382,0.385217,0.229884,0.011855,8.46209,-0.035817,0.26173
20191030,0.009413334151066112,0.00628001,0.003133323610297279,1.295724,0.030118,0.456792,0.845468,0.531179,0.512031,0.39785,1e-05
20191128,0.018637690488074184,0.01475528,0.003882407252652025,0.572348,0.12828699999999998,0.404816,0.813658,1.010512,0.421621,0.424884,0.000197
20200125,0.02023513498298177,0.01644021,0.0037949287168075095,3.3490910000000005,0.089769,0.166821,0.588907,0.356923,1.000887,0.311292,1e-05
20200219,0.02601316650550588,0.02089425,0.005118919977795447,3.221144,0.374458,0.306643,0.631232,1.071385,0.997562,0.011094,1e-05
20200105,0.029800292745707783,0.021368900000000003,0.008431389934063001,4.499615,0.36279,0.149037,0.771077,1.344923,1.602242,-0.253047,1e-05
20191231,0.02252579776575149,0.01728069,0.005245107529486536,4.272185,0.024201,0.177321,0.7991689999999999,0.088055,0.496727,0.301839,1e-05
20200129,0.017409147158626438,0.01283801,0.00457113958016466,3.257621,0.29987,0.315498,0.664267,1.00263,1.000049,0.018479,0.000563
20191028,0.020041895288692883,0.01797803,0.0020638667997326717,0.367521,0.23266,0.777855,0.027619,0.943202,0.999863,-0.003107,2.3e-05
20191127,0.024222083669575938,0.02186521,0.002356870660178009,0.676909,0.152443,0.498568,0.846886,0.983332,1.036773,-0.100056,3.8e-05
20191204,0.017219139817359074,0.01326972,0.0039494233526343675,1.535452,0.113304,0.26824000000000003,0.790169,0.605793,0.372294,0.478144,1e-05
20200201,0.02256300903787156,0.01863723,0.003925779600311957,3.372804,0.22552,0.270191,0.64805,0.804733,1.000093,-0.012034,0.0003
20200103,0.02583271854120813,0.01795467,0.007878044813565327,4.405939,0.338609,0.164777,0.7536430000000001,1.241691,1.469498,-0.266852,1e-05
20200202,0.024212785814559858,0.02025603,0.00395675931448757,3.25542,0.252067,0.282339,0.647644,0.8346379999999999,1.001192,0.024434,0.000907
20191122,0.019105684379138062,0.01689565,0.0022100326413023127,0.193699,0.203976,0.624362,0.655777,0.983036,1.045718,0.0048460000000000005,3.2e-05
20200224,0.03070526056030538,0.02647484,0.004230423793161061,3.443715,0.259988,0.246928,0.5981850000000001,0.8736870000000001,0.996014,-0.007253,1e-05
20200113,0.0184180764142114,0.01461232,0.003805754432091108,3.207004,-0.057191,0.244578,0.768269,1.6e-05,0.558525,0.326462,0.0015630000000000002
20191214,0.01984509940529547,0.00897734,0.010867756922556558,3.942832,0.602142,0.155365,0.510938,1.754754,2.268681,-0.277212,0.000293
20200123,0.02700288423918213,0.02004383,0.006959059040813816,4.82937,0.291586,0.228678,0.6515270000000001,0.983507,1.004365,-0.004473,0.000167
20191228,0.024819108023720303,0.01748988,0.007329227191434615,4.06331,0.340087,0.146509,0.7151,1.264714,1.5888639999999998,-0.271698,1e-05
20200223,0.026944545923152367,0.0227769,0.004167648392705363,3.308731,0.288933,0.254143,0.577612,0.861741,0.996666,-0.015691,1e-05
20200119,0.01561880794055985,0.01166623,0.003952577186060683,2.812485,0.185198,0.292011,0.704448,0.956176,1.068762,0.230548,0.001636
20200222,0.03075576738346269,0.02636551,0.0043902597112784,3.4594,0.26932399999999995,0.244469,0.622598,0.907559,0.996962,-0.005769,0.000519
20200108,0.029603138407874718,0.02552189,0.004081246429357107,1.289563,0.271481,0.438337,1.264808,1.097519,1.002832,0.038984,0.000223
20200301,0.024778292345236992,0.02060806,0.004170232126596497,3.316383,0.256358,0.277745,0.627783,0.917574,0.998214,-0.003109,0.000819
20191217,0.021245487156073842,0.01759992,0.0036455703481262603,1.077115,0.184707,0.3495,1.103533,1.220091,1.11558,-0.156144,6e-05
20191125,0.00878872132827924,0.00566852,0.003120198125989328,0.7784,0.139422,0.514602,0.961176,1.271189,1.091526,-0.001823,0.000172
20200229,0.0205519541405156,0.0164358,0.00411615669468809,3.169046,0.277349,0.277559,0.589648,0.955234,0.999679,-0.010795,1e-05
20200302,0.02358137725483276,0.01973772,0.003843652524792593,3.215893,0.260427,0.29648800000000003,0.5820569999999999,0.818714,0.998462,-0.001184,0.000596
20200217,0.02337682721299955,0.01953304,0.0038437859709197545,3.29943,-0.03217,0.191971,0.4185350000000001,0.167945,1.034875,0.376292,1e-05
20200124,0.02073126469564493,0.01661178,0.004119483877193703,3.4637800000000003,0.143291,0.184957,0.606082,0.557148,0.942295,0.28331,1e-05
20200211,0.023211988856440498,0.01939046,0.00382152938032357,3.364001,-0.028067,0.15221700000000002,0.445804,0.098508,0.991376,0.363144,1e-05
20200305,0.023937564875045773,0.01951157,0.004425999732692222,3.10914,0.308023,0.264425,0.662183,1.017567,0.999047,-0.001404,1e-05
20200116,0.01784558242071152,0.01477017,0.0030754083412996053,1.966844,0.23748,0.361169,0.8331850000000001,0.954877,0.996855,0.011458,1e-05
20200110,0.020671911924235502,0.01532037,0.005351537514490299,3.254641,0.051394,0.187364,0.907528,0.539078,0.394954,0.453571,0.000107
20200208,0.016906286140267013,0.01278254,0.004123750800796093,3.247735,-0.013619999999999998,0.201561,0.46815,0.096152,0.719245,0.417529,1e-05
20200130,0.02219652475594361,0.01854842,0.003648107641108264,2.861148,0.185877,0.273589,0.6183649999999999,0.821298,0.966166,0.230903,0.002134
20200115,0.02408327907580144,0.02120327,0.0028800128644037803,1.236565,0.250975,0.400341,0.903362,0.9766,1.002451,0.037717,1.5e-05
20200214,0.027005706544943112,0.02437282,0.002632885915452065,2.859824,0.021025,0.187931,0.356514,1e-05,2.147091,0.288154,1e-05
20200215,0.03635175823759206,0.03361214,0.0027396156666282746,2.882739,0.094936,0.164768,0.343664,5.600000000000001e-05,2.240611,0.281548,0.02225
20200321,0.036779658118820606,0.03089883,0.005880829039029813,3.309229,-0.08109,1.787613,0.6002810000000001,0.260372,1.046281,0.010864,1e-05
20200120,0.015917147061780584,0.0108565,0.005060645790745299,2.966544,0.005544,0.24392600000000006,0.653532,0.41223,0.314692,0.5141720000000001,1e-05
20200216,0.029500877300901295,0.02692076,0.002580118390983012,2.824599,-0.020097,0.185518,0.35819,7e-05,2.302323,0.285953,1e-05
20200331,0.040864510960172296,0.03655331,0.004311201752977357,3.231705,-0.089482,0.8028420000000001,1.201348,0.218248,1.019823,-0.026310000000000004,1e-05
20200325,0.07425165119623565,0.06857248,0.005679168279032457,3.353444,0.011683,1.780384,0.451533,0.234508,0.98522,0.002095,2.4e-05
20200117,0.01408357736007747,0.01117976,0.002903817868927311,1.949098,0.168203,0.304029,0.808664,0.860556,1.390922,0.193435,1e-05
20200213,0.01909174535651221,0.0165087,0.0025830460780752016,2.560818,0.001594,0.239092,0.42352,0.001102,1.377788,0.32169200000000003,0.0008439999999999999
20200220,0.017007996754109304,0.01308239,0.003925602695423853,1.333632,0.340208,0.339272,0.658038,1.102985,0.983537,-0.254514,0.000276
20200221,0.02058756114999359,0.01620245,0.0043851076795909175,3.3258980000000005,-0.031907,0.198671,0.447457,0.129931,0.601967,0.436582,1e-05
20200126,0.018910696569684717,0.01441687,0.004493829948379823,3.357133,0.000374,0.184018,0.6122609999999999,0.132619,0.454601,0.425846,1e-05
20200118,0.01383344944177016,0.00992151,0.0039119383523121614,2.487897,-0.004493,0.248936,0.667838,0.272554,0.454513,0.457328,0.000759
20200212,0.035901831310198626,0.03342244,0.00247939450798538,0.980972,0.252411,0.378103,0.7808069999999999,0.947065,0.997253,0.005155,5e-05
20200218,0.02091216247884261,0.01703838,0.0038737857394480213,2.742427,0.020983,0.221458,0.442875,7.5e-05,0.568188,0.460427,0.000925
20200112,0.023725051933730854,0.01843612,0.005288928915931503,2.664568,0.003094,0.232979,0.789277,0.00015900000000000002,0.313493,0.5649430000000001,1e-05
20200131,0.016211130558723752,0.01397301,0.00223812495882637,2.11726,0.100039,0.211892,0.5720149999999999,0.415373,1.588173,0.26398,1e-05
20200207,0.018771233548863363,0.01521185,0.0035593821157204187,2.944735,0.010954,0.233268,0.492674,0.001192,0.6582600000000001,0.390736,0.00016299999999999998
20200304,0.02163382644906531,0.01772444,0.003909388958875449,3.415861,-0.0182,0.192628,0.468776,1e-05,0.947427,0.337956,0.041648
20200209,0.018681458682738163,0.01447247,0.004208987579096578,3.113867,-0.017869,0.219698,0.454341,0.107362,0.625793,0.447252,1e-05
20200121,0.01881482086698893,0.01374923,0.005065588859992151,3.14083,0.141144,0.216358,0.64648,0.745201,0.372444,0.432817,0.000576
20200303,0.018859061600713545,0.01568764,0.0031714193520139032,3.174605,-0.024167,0.219296,0.462266,6.500000000000001e-05,0.902113,0.29801300000000003,0.000767
20200205,0.0195269335134374,0.01508026,0.00444666967939364,3.458156,-0.002285,0.216343,0.538034,0.011859,0.452891,0.4145390000000001,1e-05
20200312,0.10889488275138967,0.08946444,0.01943044696055292,2.629972,0.339822,1.406191,1e-05,3.861986,0.998894,0.000241,2.2e-05
20200127,0.01976638969809025,0.01490054,0.004865852110944144,3.275723,0.019938,0.182145,0.58033,0.403134,0.400444,0.467261,0.000171
20200227,0.018006308687779242,0.01558227,0.0024240407977174226,0.929731,0.271272,0.371518,0.6714359999999999,0.962327,1.001798,-0.0056890000000000005,0.000508
20200226,0.0248340669521186,0.02268733,0.00214673474362127,0.95201,0.213736,0.341609,0.7664270000000001,0.876282,1.06042,-0.06054800000000001,1e-05
20200128,0.014855486435151269,0.0094319,0.005423590041934372,2.731214,0.009213,0.237007,0.5483640000000001,0.06966599999999999,0.264127,0.5974149999999999,0.000743
20200307,0.020168852062886083,0.01615799,0.004010860384622967,3.352689,-0.077713,0.145535,0.536379,1e-05,0.644426,0.373294,1e-05
20200313,0.09396638624711304,0.08011982,0.0138465653404244,6.100103,-0.195483,1.927056,0.044101,5.2e-05,1.303174,0.480279,0.000267
20200319,0.03690597911191193,0.03331353,0.0035924507834903907,2.3707290000000003,-0.02266,1.496653,0.461667,1e-05,1.012602,0.031524,0.0014199999999999998
20200228,0.03114978653043677,0.02914198,0.0020078034944444653,1.096896,0.202105,0.351709,0.7441840000000001,0.819074,1.008726,-0.032108,4.6e-05
20200503,0.022783315427835304,0.01977847,0.003004841794647626,3.2269970000000003,-0.043746,0.508733,0.762323,0.249614,0.995456,-0.008384,0.000692
20200326,0.023976733847572474,0.02042503,0.0035517014784541873,1.953317,0.168819,1.494281,0.5202140000000001,1.2e-05,1.016465,0.00325,0.000323
20200306,0.020504693420724026,0.01573116,0.004773530510624806,4.257072,0.034718,0.15046500000000002,0.52981,1e-05,0.943259,0.288124,0.005877
20200308,0.02463440520816117,0.01839632,0.006238085888797867,4.450513,0.29432800000000003,0.21701,0.627831,0.984374,0.994716,0.003517,9.3e-05
20200315,0.08956999768225678,0.07441547,0.015154532610623156,6.9793509999999985,-0.0008039999999999999,2.2513240000000003,0.534061,0.009056,1.00587,0.076481,1.1e-05
20200420,0.02674229769563527,0.02166406,0.005078237201866264,3.28007,-0.275642,0.469095,1.105532,0.851118,1.007588,0.0015279999999999998,1e-05
20200203,0.017730919737248517,0.01342509,0.00430583228445251,3.273212,-0.011106,0.229135,0.5213180000000001,1e-05,0.397847,0.428665,1.3e-05
20200210,0.019012276187337904,0.01508362,0.003928651518924533,2.54929,0.003324,0.214775,0.478733,1e-05,0.489832,0.485124,0.000145
20200316,0.7968126144380425,0.75720012,0.03961248952714312,3.23612,-0.03092,0.892027,0.90909,0.250565,1.1551280000000002,0.456705,0.580842
20200510,0.0546240001841504,0.05100173,0.0036222685964336,3.25044,-0.071161,1.082892,0.440094,0.262063,0.984201,-0.048497000000000005,0.000491
20191126,0.009629884422605909,0.00612984,0.0035000490010776856,0.672287,0.329421,0.334721,0.705622,1.237051,10.143155,-0.135735,1e-05
20200502,0.027601476296936708,0.02451387,0.003087601592967814,3.195896,-0.101832,0.535079,0.774259,0.233364,0.996319,-0.009529,1e-05
20200309,0.01792929334531251,0.01507984,0.002849451663769212,0.808225,0.218437,0.37259,0.830997,1.035787,1.006918,-0.18423,0.000458
20200324,0.07322453940032153,0.06470923,0.00851530605629745,4.437306,0.164356,1.93821,0.5025109999999999,1e-05,1.046683,0.172645,0.000151
20200317,0.07117357504094607,0.04372764,0.02744593854044937,7.833311,-0.469774,2.985,0.810524,1.834371,0.967321,-0.059006,5.2e-05
20200403,0.04203591952443484,0.03752879,0.004507128185243923,2.24486,-0.250607,0.827361,1.242664,0.788667,1.008987,0.045239,0.000275
20200323,0.05251275510119964,0.04215458,0.010358174672036102,4.6981660000000005,-0.249229,1.95262,0.696498,1.011306,1.047005,-0.013778,1e-05
20200504,0.030320138760199893,0.02766643,0.002653712540233085,2.736086,0.14439000000000002,0.604054,0.742618,6.4e-05,0.99953,-0.056241,1e-05
20200418,0.039693863344541294,0.03062249,0.009071375595921279,5.418335,-0.316,0.424244,1.113184,0.8601110000000001,1.028442,-0.064954,1e-05
20200415,0.02109965000861633,0.01693835,0.00416129913361706,3.177134,0.088335,0.305182,0.723657,0.362046,3.653097,-0.36284,0.000333
20200310,0.013358996023565965,0.00840291,0.00495608190394106,1.081518,0.371293,0.316778,0.7021350000000001,1.363902,1.095071,-0.298327,4.1e-05
20200311,0.014978526491207116,0.01206722,0.002911304054152128,1.309583,0.248542,0.378818,0.7576470000000001,1.110147,0.999466,0.007811,1e-05
20200122,0.02043103364110259,0.01487537,0.0055556608579066715,3.005416,0.017353,0.224173,0.623807,1e-05,0.249215,0.5750350000000001,0.000992
20200225,0.016047151170947398,0.01254109,0.0035060618180529873,2.153507,-0.013773,0.222438,0.388251,0.002077,0.427177,0.487486,1e-05
20200424,0.01958837830149436,0.01458952,0.004998857571355882,3.364265,0.045991,0.287246,0.6348699999999999,0.218342,1.574054,-0.466991,0.000143
20200322,0.04349525118217102,0.03657955,0.006915705330293147,4.006079,0.019872,1.831843,0.571666,0.114691,1.034471,0.025334,1e-05
20200407,0.04234951543806946,0.03899298,0.003356539501930732,2.375802,0.017169,0.618092,0.98783,1e-05,2.027325,-0.287634,0.01988
20200414,0.023512939571610027,0.01901274,0.004500200991148978,3.41591,0.08053300000000001,0.275618,0.707314,0.245339,3.710991,-0.38278,0.000121
20200425,0.02081018005376678,0.01529793,0.005512250893826168,3.415793,0.065262,0.250882,0.694372,1e-05,1.157184,-0.509019,0.0005690000000000001
20200314,0.05695267277771447,0.03679887,0.020153799480213147,8.586406,-0.020816,2.219302,0.689595,0.023858,1.153064,0.016683,1e-05
20200423,0.0309555666679497,0.0260082,0.004947370247693145,3.540324,0.063412,0.25192,0.619644,0.198365,2.0060860000000003,-0.437448,0.00015
20200430,0.0474542182401445,0.04527989,0.002174323335568187,2.615313,-0.025127,0.7646229999999999,0.450192,0.001905,0.98655,0.034959,0.002217
20200412,0.03057351204750792,0.02621265,0.00436086521195381,3.3386160000000005,0.093828,0.292186,0.601707,0.233865,4.110985,-0.392611,0.00014199999999999998
20200426,0.01961626685386485,0.01507962,0.0045366422771534395,3.587121,0.016627,0.268965,0.668439,0.119905,1.709464,-0.377738,5.2e-05
20200409,0.024709851365637275,0.01958568,0.005124172383547355,3.370621,0.033868,0.465888,0.8764559999999999,0.121271,2.005641,-0.429016,0.000215
20200417,0.02170487914002949,0.01692025,0.0047846295426609824,3.0670330000000003,0.035312,0.355827,0.796737,0.005243,1.821667,-0.461453,0.000277
20200515,0.03551153758093538,0.03277598,0.002735558995371564,2.625446,-0.015366,0.634626,0.905548,0.000305,1.002494,-0.114809,0.000491
20200411,0.02826545063379302,0.02365351,0.0046119446428575465,3.233753,0.13928800000000002,0.375411,0.639174,0.307381,3.156129,-0.410187,0.000293
20200206,0.017677273520313418,0.01231398,0.005363295551835829,2.26365,0.0468,0.272015,0.533568,1.4e-05,0.231319,0.628992,0.00397
20200428,0.020794062627258296,0.01659136,0.0042027028527977395,3.1613130000000003,0.046165,0.300388,0.58503,0.191329,1.491878,-0.413946,8.2e-05
20200501,0.028151556256574964,0.02602695,0.0021246103275868594,2.553325,0.047702,0.569987,0.686422,0.016371,0.994664,0.012646,0.000586
20200505,0.03179158102189659,0.02976405,0.0020275278929203053,2.352753,-0.012838999999999998,0.5599810000000001,0.7205159999999999,9.9e-05,1.001132,-0.09257,0.001941
20200406,0.033744604918366825,0.0286334,0.005111202671897159,3.126008,0.055508,0.514556,0.779909,0.166278,1.83671,-0.471734,9.1e-05
20200522,0.05330680120458337,0.04849194,0.004814857144367414,3.077283,-0.284681,0.553633,1.040613,0.8482290000000001,1.001144,-0.012574,0.0005780000000000001
20200614,0.023239366932983143,0.02028821,0.002951161549046175,3.228232,-0.042626,0.327806,0.8182050000000001,0.248453,1.001917,-0.031704,1e-05
20200320,0.10001947000572148,0.07138816,0.02863131155707221,10.198714,-0.057194000000000016,2.67247,0.6441439999999999,0.444835,1.138455,-0.063993,1e-05
20200514,0.07987379927621358,0.0776331,0.002240704114365792,2.477855,0.002895,0.820017,0.570145,6.7e-05,0.990865,0.038955,1.1e-05
20200416,0.02172442375997937,0.01800359,0.003720830057232848,1.725507,0.062975,0.369077,0.8916290000000001,0.195073,2.032598,-0.460046,1e-05
20200413,0.027869345850121758,0.023093000000000002,0.004776341127620331,3.1197310000000003,0.251643,0.273088,0.59312,0.793462,5.752417,-0.33772800000000003,1.1e-05
20200606,0.021526533380865017,0.01875003,0.0027765078382220427,3.181189,0.032398,0.337087,0.757898,0.23102,1.0006700000000002,-0.007821999999999999,1e-05
20200429,0.02090467206427621,0.017451499999999998,0.0034531701304006085,1.7763369999999998,-0.290654,0.500967,0.977141,0.8774709999999999,0.99503,0.012524,1e-05
20200612,0.02333047970671688,0.02042235,0.002908131157950915,3.217508,0.036569,0.321321,0.815647,0.232173,1.001451,-0.013615,1.3e-05
20200327,0.027348591628151408,0.025896299999999997,0.0014522870791773793,0.152885,-0.08813,0.644225,0.32122399999999995,1e-05,5.762352,-0.291845,1e-05
20200408,0.02775878611131901,0.02495313,0.0028056528749936874,2.1072040000000003,0.015287,0.546131,0.787145,0.003536,3.713807,-0.315814,1e-05
20200330,0.02637633212977564,0.02515735,0.0012189854780451006,0.434058,0.007689,0.603164,1e-05,0.088213,7.524659,-0.284451,1e-05
20200419,0.031034392233351686,0.01987687,0.01115752424127172,6.325638,0.154323,0.34299999999999997,0.7492939999999999,1.4e-05,1.034539,-0.472983,0.002019
20200605,0.018829892289515857,0.01630928,0.0025206073886033862,2.337103,0.108585,0.3652780000000001,0.8303969999999999,0.698062,1.001086,-0.001125,1e-05
20200427,0.015758240836415256,0.01319188,0.0025663573302247373,2.30786,0.011018,0.272919,0.59718,1.4e-05,2.476353,-0.326923,0.000206
20200401,0.022185456429979697,0.01868965,0.003495808551320657,1e-05,0.237094,0.555715,0.439533,0.843891,2.620269,-0.414668,0.000464
20200529,0.019407769062078688,0.01615233,0.003255434534664421,2.792634,0.08103099999999999,0.326423,0.963245,0.7704529999999999,1.000275,0.014228,1e-05
20200609,0.01757391030660829,0.01561591,0.00195799813346525,2.369038,0.0027760000000000003,0.368851,0.8332940000000001,0.013973,0.999814,0.021973,1e-05
20200328,0.03648517922366591,0.03536206,0.0011231233500645283,1.436051,0.018484,0.35332600000000003,1e-05,0.100266,15.862274,-0.239242,1e-05
20200508,0.033335413327466874,0.03212792,0.0012074912681068859,0.6454949999999999,-0.143361,0.710661,0.330295,0.5495220000000001,0.980377,-0.015819999999999997,0.000477
20200422,0.02428278930826488,0.02110469,0.0031781036116560234,1.120645,0.229198,0.28072800000000003,0.695541,0.646508,3.114923,-0.376969,9.5e-05
20200608,0.018287369333766325,0.01496208,0.003325285693944729,2.911637,0.158566,0.375915,0.760927,0.811161,0.998197,-0.001503,1e-05
20200329,0.02792283496900768,0.02708859,0.0008342494442572061,0.387138,0.022824,0.405095,1e-05,0.098338,13.087399,-0.250058,1e-05
20200421,0.020227830607161504,0.01576215,0.0044656777729078926,1.350717,0.301692,0.325615,0.7174020000000001,0.896332,2.380582,-0.420298,7.2e-05
20200527,0.020438983825257915,0.01810134,0.0023376416595169572,1.445007,0.017041,0.399651,0.971946,0.168258,1.97147,-0.280075,1e-05
20200528,0.0209141199203542,0.01888474,0.0020293756527988084,1.836951,0.0075260000000000014,0.299288,0.8476469999999999,0.034437,3.189074,-0.233381,9.5e-05
20200623,0.018179254851187043,0.01470044,0.003478813590980177,3.350823,-0.012467,0.225566,0.757548,0.16836600000000002,1.016167,0.24053,1e-05
20200626,0.017829542915738062,0.013599700000000001,0.004229839346197753,3.528582,0.063247,0.14038399999999998,0.697817,0.219615,1.373059,-0.338345,1e-05
20200604,0.01542476176084821,0.0138717,0.0015530576442093602,1.098846,0.069748,0.440505,0.950012,0.405298,1.006431,0.014431,1e-05
20200509,0.02445435287715586,0.023777799999999998,0.0006765518047035514,0.170335,-0.024336,0.517671,1e-05,0.148563,4.693865,-0.19359,8.3e-05
20200625,0.016378804852934453,0.01356068,0.002818127908679201,2.326032,0.013365,0.227228,0.8456940000000001,0.08895700000000001,1.163353,-0.30976,1e-05
20200507,0.02066188893003237,0.01907875,0.001583139500124927,0.279941,-0.07686799999999999,0.532349,0.566437,0.688495,3.516214,-0.20739,2.2e-05
20200601,0.017162763374866108,0.01487961,0.0022831548725944627,1.819187,0.040971,0.321096,0.876258,0.346188,1.488627,0.247721,0.000667
20200410,0.04715420887251413,0.033643400000000004,0.013510804503450815,7.4140869999999985,0.100209,0.21425300000000005,0.737743,1.225695,12.489159,-0.180042,1e-05
20200525,0.020042319559306545,0.01803907,0.00200325125175345,0.908468,0.066729,0.370872,0.961865,0.29887800000000003,4.152253,-0.253298,7.7e-05
20200607,0.017193633462815848,0.01551387,0.0016797649204139927,1.954293,0.028003,0.373702,0.8638959999999999,0.147882,1.000069,0.004823,1e-05
20200530,0.017705781228956836,0.01543397,0.0022718130887128523,1.807104,0.009083,0.262094,0.948775,0.284729,1.699268,0.238312,1e-05
20200526,0.022062622043675567,0.020003,0.0020596230505654056,1.224229,0.0034,0.369479,0.958729,0.084603,3.112722,-0.263993,2.5e-05
20200506,0.017808531480038598,0.01725552,0.0005530080525919007,0.156636,-0.015015,0.500047,1e-05,6e-05,6.204931,-0.171988,1e-05
20200402,0.03201562953732491,0.02778328,0.004232349244407375,0.08442000000000001,0.26704,0.522917,1e-05,0.914592,2.1771540000000003,-0.490704,1e-05
20200204,2.4477630176629637,0.04438034,2.4033826804494045,109.3889,1.0,0.074682,0.434829,0.041387,0.15808599999999998,-0.001413,1e-05
20200629,0.01817549758131732,0.015599200000000002,0.002576294395699076,2.208365,0.036906,0.14264000000000002,0.90188,0.197944,1.632602,-0.26728,3.2e-05
20200621,0.01497633647740166,0.01182309,0.003153249604599514,2.016656,0.204964,0.181104,0.8205969999999999,0.8695639999999999,3.840342,-0.21388,1.4e-05
20200617,0.015929296835118904,0.01274703,0.003182268490328245,1.267631,0.202698,0.211235,0.8708899999999999,1.051159,4.16311,-0.227926,0.015006
20200404,0.029472293603266825,0.0208937,0.008578591746624224,1e-05,0.5820890000000001,0.412561,0.366716,1.47035,2.705116,-0.52189,1e-05
20200531,0.0207844980812298,0.01824324,0.00254125471695906,2.32832,0.004787,0.352851,0.817188,1e-05,1.477084,0.257775,0.000567
20200512,0.022952391346674008,0.02113047,0.0018219204103800688,0.690733,0.186383,0.365673,0.424141,0.791908,7.869561,-0.209375,1e-05
20200630,0.022010129647580003,0.01935957,0.0026505608138205393,2.2448740000000003,-0.046665,0.176774,0.936214,0.428898,1.199047,-0.230031,0.000718
20200616,0.012847367734081405,0.00975256,0.003094812308953225,1.291843,0.221023,0.208511,0.8473700000000001,1.029493,4.817242,-0.21237,0.001215
20200628,0.01944856674798673,0.01715859,0.002289973751290785,1.217125,0.015687,0.154793,1.241776,1e-05,3.113157,-0.20622,0.00014099999999999998
20200611,0.015262874838660187,0.01234041,0.002922461045128758,1.579423,0.141517,0.401184,1.001421,1.009096,1.003483,0.064192,0.000186
20200521,0.017543604136005947,0.01212567,0.005417937868777081,0.628875,0.400867,0.327423,0.6447470000000001,1.028015,2.415289,-0.463916,0.000102
20200602,0.028005812811435243,0.026415499999999998,0.0015903089450976812,0.459549,0.167287,0.548511,0.582084,0.79209,0.989346,-0.010621,2.5e-05
20200701,0.022128213048014846,0.01957649,0.002551723320110025,2.664539,0.0017059999999999998,0.170217,0.869002,0.092337,1.292035,-0.18414,1e-05
20200619,0.014268798909033356,0.00823234,0.0060364624170995826,2.9597330000000004,0.35692,0.144804,0.6273850000000001,1.326209,2.6036650000000003,-0.289329,0.000462
20200524,0.017026413709694176,0.01173381,0.005292601556336872,2.079848,0.267706,0.258016,0.760729,1.147263,1.839108,-0.418245,1e-05
20200622,0.015530663724997644,0.00832735,0.007203315703155322,2.442652,0.365624,0.196768,0.625625,1.527044,1.309167,-0.437169,0.0006389999999999999
20200627,0.01695820646203841,0.01427626,0.002681944035387791,2.130137,0.003215,0.147127,1.011174,0.003843,1.033977,-0.270224,1e-05
20200603,0.016580570590790752,0.01367067,0.0029099025926347315,0.8287129999999999,0.045236,0.456581,0.892757,1.166351,1.123113,-0.196528,5.9e-05
20200523,0.015982486019059647,0.00887722,0.007105263900905999,1.288575,0.448019,0.282135,0.656241,1.401996,2.010566,-0.478552,1.6e-05
20200318,0.07429979072371036,0.05378667,0.020513123573328764,9.089171,-0.13359,1.779306,1e-05,0.493662,25.035376,-0.200605,1e-05
20200618,0.012706196249497821,0.00626738,0.006438820652250692,1.737046,0.428336,0.180461,0.681932,1.527157,2.30039,-0.342107,0.002143
20200620,0.01683475120612881,0.01128393,0.005550817604072961,2.694095,0.353908,0.133639,0.64002,1.317441,3.442838,-0.261446,1e-05
20200610,0.015641052855349186,0.01169164,0.003949416333461821,0.887983,0.188745,0.362962,1.099318,1.170841,1.071684,-0.269139,1e-05
20200613,0.012517345067744457,0.00721827,0.005299079271089117,1.7240220000000002,0.364062,0.201746,0.773209,1.293987,1.871191,-0.326536,1e-05
20200511,0.049088283711064495,0.04291576,0.006172519239661096,5.332289,-0.02594,0.516741,1e-05,1e-05,29.943197,-0.145458,0.0023
20200405,0.10156661428956484,0.04567416,0.055892452610667234,2.651876,-0.4376890000000001,0.715684,2.046712,2.822337,0.0006490000000000001,-1.997579,0.001413
20200517,0.020552837552741995,0.01380943,0.006743412345742893,1e-05,0.542004,0.328206,0.319097,1.422317,3.4673260000000004,-0.396636,1e-05
20200516,0.01571410580732149,0.01256666,0.0031474410492570003,0.534194,0.260231,0.372623,0.411038,1.091464,4.790814,-0.302336,1e-05
20200615,0.01240614522399668,0.00848282,0.003923327074249311,0.841598,0.271033,0.199985,0.970829,1.348465,10.183167999999998,-0.15691300000000002,0.000184
20200519,0.027349523562290458,0.02174754,0.0056019824973760615,0.158426,0.250833,0.504419,0.597533,1.134945,1.365248,-0.553914,1e-05
20200624,0.017489263503482826,0.01193649,0.0055527784070868395,1.659836,0.247711,0.219678,0.901008,1.322334,1.042955,-0.421843,1.7e-05
20200513,0.025077816159039888,0.02247676,0.002601051600264093,0.4692020000000001,0.188006,0.399102,0.123686,0.912991,3.450041,-0.345749,1e-05
20200518,0.02227828450904725,0.01644828,0.005830006896553169,0.273463,0.307463,0.556311,0.038469,1.271503,1.581032,-0.542405,8.9e-05
20200520,0.0242266824704062,0.01663034,0.007596343871478234,0.197201,0.458409,0.419117,0.508998,1.295873,1.576145,-0.580788,1e-05
