date,cost,rmse,penalty,LAMBDA,MU_Y,SIGMA_Y,SIGMA
20190406,0.04668426276857163,0.04668393945009677,3.23318474851472e-07,0.004906,-0.005470,0.000010,0.676573
20190403,0.10485666576301245,0.10485661772932141,4.803369103614245e-08,0.001299,-0.002153,0.000010,0.696601
20190508,0.030945134765774207,0.03094465236311051,4.82402663696661e-07,0.001139,-0.006936,0.000010,0.661895
20190402,0.0607817349365489,0.06078170408395509,3.0852593804615255e-08,0.003329,0.000371,0.000429,0.607468
20190405,0.06708459102593951,0.06708451087056454,8.015537498093018e-08,0.002347,-0.002732,0.000010,0.688565
20190509,0.02100984694881348,0.021001511229335794,8.335719477688724e-06,0.073564,0.017098,0.000080,0.651080
20190407,0.04637327654519781,0.046372634444747686,6.42100450122485e-07,0.013620,-0.006757,0.000010,0.696131
20190507,0.023838541804637403,0.023838509632289635,3.217234776730702e-08,0.005616,0.000249,0.000010,0.651378
20190409,0.03925015543544987,0.03924967858705332,4.768483965503799e-07,0.001034,-0.006898,0.000010,0.679752
20190408,0.08058635845109252,0.08058629350195957,6.494913294027446e-08,0.004232,-0.002169,0.000010,0.713108
20190404,0.10508074120382144,0.10507971519935008,1.0260044713509965e-06,0.000010,-0.010129,0.000010,0.745543
20190503,0.014589555718379109,0.014555453724764317,3.4101993614790514e-05,0.087840,0.051341,0.000522,0.617577
20190510,0.024163533758357048,0.024160467443234388,3.066315122659079e-06,0.048120,0.008664,0.000029,0.664316
20190506,0.016163820297111494,0.016163597625385974,2.2267172552081542e-07,0.014913,-0.000166,0.000010,0.639555
20190426,0.021591165876903393,0.021551326113804038,3.983976309935537e-05,0.155648,0.039514,0.000025,0.614566
20190502,0.019927247894538022,0.019822866799061027,0.00010438109547699591,0.154189,0.089781,0.000105,0.602618
20190411,0.018392237869363313,0.018383358236875664,8.879632487647626e-06,0.073222,0.018727,0.000332,0.626504
20190504,0.0260335095393012,0.025899181885106214,0.00013432765419498505,0.166552,0.103217,0.000711,0.610036
20190429,0.02114949551957583,0.021114006409087165,3.548911048866553e-05,0.110635,0.048205,0.000337,0.607887
20190505,0.019171505173613365,0.019122630132249196,4.8875041364167776e-05,0.202457,0.028021,0.000585,0.615841
20190410,0.020623693249417565,0.02058912705234224,3.456619707532364e-05,0.138568,0.039198,0.000010,0.605751
20190430,0.01816547032671372,0.018147263634908636,1.8206691805084486e-05,0.134739,-0.001917,0.000393,0.604630
20190511,0.047077254909809005,0.04707530997472875,1.9449350802537135e-06,0.038446,-0.006833,0.000010,0.726401
20190513,0.0538889901459943,0.053886051533324944,2.9386126693565067e-06,0.001281,-0.017138,0.000010,0.820153
20190424,0.02360704059658903,0.023571534595568,3.5506001021031236e-05,0.188429,0.000243,0.000010,0.602440
20190423,0.027802423845883523,0.027773084620395586,2.933922548793624e-05,0.171257,-0.000616,0.000256,0.603829
20190523,0.038662324840434505,0.03866018980186097,2.135038573536777e-06,0.035272,-0.009439,0.000010,0.880284
20190516,0.08114740805215563,0.08113613281839234,1.1275233763285546e-05,0.043713,-0.030579,0.000370,0.978038
20190524,0.02603354773386063,0.026014153279403915,1.939445445671426e-05,0.134784,0.011065,0.000180,0.874180
20190531,0.02410330363552931,0.024090057313840743,1.3246321688567741e-05,0.115034,0.001164,0.000010,0.871467
20190519,0.0911889052226392,0.09117744308513562,1.1462137503587382e-05,0.032042,-0.032304,0.000010,0.997889
20190512,0.08857794218949172,0.08857199663744741,5.945552044307402e-06,0.027556,-0.022773,0.000061,0.881832
20190515,0.08658271001342617,0.08657182717891207,1.0882834514103759e-05,0.035539,-0.031011,0.000165,0.997676
20190522,0.0384472818197224,0.038442691966379616,4.589853342786064e-06,0.067191,-0.002742,0.000010,0.903545
20190528,0.06233848177871372,0.06233031679189749,8.164986816227676e-06,0.052421,-0.023275,0.000010,0.933422
20190518,0.05803820618317392,0.05803050666566912,7.699517504803798e-06,0.039725,-0.024741,0.000061,0.979184
20190526,0.027178843991255395,0.027148021413495114,3.082257776027951e-05,0.160517,0.022477,0.000215,0.860640
20190530,0.05582877479411513,0.055823293897929026,5.480896186109484e-06,0.031257,-0.021222,0.000031,0.899399
20190517,0.0685567353331534,0.06854483143873406,1.1903894419339574e-05,0.068294,-0.026907,0.000010,0.979337
20190529,0.04408660755273187,0.044083498140335985,3.1094123958805547e-06,0.042288,-0.011494,0.000010,0.913541
20190525,0.022734087653605153,0.02271460778636981,1.9479867235341487e-05,0.132223,0.014114,0.000225,0.874523
20190527,0.07157481893270079,0.07156606799761372,8.75093508706665e-06,0.054399,-0.024066,0.000010,0.957768
20190521,0.04149350375903723,0.041485943811173286,7.559947863943406e-06,0.085755,-0.004537,0.000038,0.922046
20190514,0.09557858702325366,0.09556943775947128,9.149263782366823e-06,0.021559,-0.029469,0.000072,1.026255
20190520,0.0710174251588213,0.07100880087051485,8.624288306443444e-06,0.055326,-0.023587,0.000010,0.956493
20190401,0.02859182953996543,0.025530591428549177,0.0030612381114162525,0.657406,0.512743,0.000010,0.373207
20190601,0.023140583630029545,0.023130777914518872,9.805715510672033e-06,0.096709,0.000282,0.002127,0.853383
20190415,0.024926196497885304,0.021672262342789638,0.0032539341550956655,0.600075,0.537753,0.004540,0.465299
20190501,0.016800454076007883,0.013351898531682872,0.0034485555443250107,0.384645,0.573985,0.007754,0.526863
20190425,0.021038216871490923,0.018474171194421768,0.0025640456770691543,0.325662,0.495637,0.003782,0.553906
20190609,0.016194960160891857,0.016184232274136318,1.0727886755538872e-05,0.091748,-0.015188,0.000185,0.727028
20190602,0.02267387225713144,0.022661588371843483,1.2283885287955244e-05,0.110773,-0.001147,0.000010,0.842009
20190606,0.018535140291137526,0.018520995014576228,1.4145276561297703e-05,0.081599,-0.027355,0.000196,0.792132
20190607,0.020286859085915227,0.020278983368089237,7.875717825991368e-06,0.088129,-0.003268,0.000147,0.752874
20190608,0.023000747466694105,0.022991459416004376,9.288050689729862e-06,0.090139,0.010776,0.000133,0.729872
20190603,0.02350815463757526,0.02348436862488566,2.378601268960116e-05,0.151577,0.009003,0.000010,0.831462
20190610,0.013033167348554121,0.013023333747707746,9.83360084637536e-06,0.066278,-0.023324,0.000095,0.736843
20190605,0.02079043777726115,0.020781507264063994,8.930513197156848e-06,0.082224,-0.013624,0.001771,0.831025
20190611,0.012922954468785788,0.012905481516477125,1.747295230866298e-05,0.096654,-0.028515,0.000010,0.731182
20190613,0.012537242620489893,0.012520954501847564,1.6288118642327967e-05,0.091625,-0.028094,0.000010,0.735571
20190612,0.01622838110666594,0.016213882039521788,1.4499067144151089e-05,0.119132,0.005538,0.000010,0.725969
20190604,0.02652491964390538,0.02651833040245673,6.589241448649547e-06,0.080956,-0.001882,0.000010,0.854461
20190615,0.021479223875443883,0.021462715415114575,1.6508460329308873e-05,0.102081,0.024236,0.001464,0.733818
20190614,0.016380716430208025,0.01636907335889022,1.1643071317805131e-05,0.107850,0.001073,0.000010,0.725367
20190418,0.032347879934560786,0.028119776485285596,0.004228103449275192,0.421636,0.636422,0.000010,0.467232
20190616,0.04269878772888146,0.04269188759139179,6.900137489670597e-06,0.077825,-0.009175,0.000120,0.792772
20190621,0.045783137037464644,0.045780386105993706,2.7509314709397435e-06,0.048886,-0.006009,0.000010,0.873770
20190416,0.025178616710064057,0.022416607158116383,0.002762009551947674,0.753987,0.468349,0.000124,0.460672
20190412,0.01618156705887143,0.013497014793343877,0.0026845522655275546,0.350119,0.506121,0.001963,0.560462
20190419,0.04094012394851897,0.03518434487775564,0.005755779070763325,0.354075,0.750361,0.000010,0.455984
20190618,0.07311816837731253,0.07311231482139025,5.853555922275395e-06,0.035947,-0.021356,0.000068,0.874451
20190617,0.056005139666296284,0.05600273058741539,2.4090788808980874e-06,0.019929,-0.014184,0.000016,0.834335
20190620,0.03587570119426894,0.03586448571254092,1.1215481728023354e-05,0.105424,0.003101,0.000225,0.820440
20190619,0.043190116364885074,0.04318503682462032,5.0795402647553575e-06,0.070030,-0.004176,0.000096,0.836440
20190413,0.026771207823407726,0.022771612995045435,0.00399959482836229,0.301357,0.625202,0.000010,0.527097
20190421,0.03640355366823175,0.03133162377489035,0.0050719298933414045,0.330106,0.704400,0.003411,0.475893
20190622,0.04851011152096144,0.048498408437078144,1.1703083883299061e-05,0.106665,-0.005325,0.000650,1.044648
20190626,0.08351478838114672,0.0835068500706703,7.938310476416867e-06,0.026950,-0.026850,0.000167,1.063014
20190414,0.027430720214190855,0.02312281124109631,0.004307908973094546,0.379217,0.645299,0.000010,0.473185
20190625,0.030393282361876488,0.03035175850002627,4.152386185021753e-05,0.182108,0.028820,0.000739,0.955007
20190417,0.03158063647126269,0.027366356033896807,0.004214280437365883,0.450127,0.633377,0.000010,0.460290
20190623,0.036732337942685316,0.036699247454400584,3.3090488284730144e-05,0.176699,0.013222,0.001094,1.022285
20190624,0.032197589340920825,0.032113511199087626,8.407814183320214e-05,0.141533,0.047383,0.020395,0.964538
20190427,0.024729789689351515,0.02077006848889528,0.0039597212004562335,0.429682,0.614418,0.000010,0.493178
20190705,0.02558196873516251,0.02554592975245453,3.603898270798128e-05,0.181267,0.017808,0.000315,1.003371
20190628,0.08313376231624722,0.08311837032588447,1.5391990362755514e-05,0.096522,-0.024610,0.000435,1.151974
20190422,0.03715749489688673,0.03183408499626033,0.005323409900626401,0.331422,0.722050,0.000313,0.473261
20190702,0.04978360698054981,0.04977724691646127,6.360064088538232e-06,0.053972,-0.018564,0.000099,1.051520
20190707,0.023763921401807036,0.02370913652783021,5.478487397682825e-05,0.215901,0.028565,0.000346,0.978340
20190703,0.04455456531231342,0.04454924573252476,5.319579788662976e-06,0.049619,-0.016903,0.000053,1.027535
20190704,0.04387330862422417,0.04386930145971767,4.007164506501718e-06,0.058722,-0.007472,0.000081,1.028510
20190713,0.0188526636652544,0.01883091129894806,2.1752366306340005e-05,0.147272,0.002450,0.000183,1.000140
20190701,0.02086691151814265,0.020842000204223384,2.491131391926382e-05,0.154632,0.009977,0.000221,0.999829
20190428,0.02095437278512535,0.01679880877294627,0.004155564012179077,0.439927,0.629446,0.000010,0.486999
20190630,0.035689178108312174,0.035672124414485785,1.7053693826385113e-05,0.127815,0.007583,0.001192,1.024629
20190706,0.01676027118862794,0.016726106176781042,3.416501184689855e-05,0.174464,0.018270,0.001973,0.971796
20190717,0.14499699005406186,0.14498076330609483,1.622674796703722e-05,0.052498,-0.036702,0.000039,1.131051
20190712,0.030964814446199935,0.03095413001561067,1.0684430589266392e-05,0.101248,-0.004635,0.001478,1.026564
20190711,0.04987356398368491,0.049868164490122595,5.399493562312567e-06,0.051660,-0.016525,0.000036,1.051147
20190715,0.07117747197151413,0.07116884387092424,8.62810058987476e-06,0.049354,-0.024835,0.000494,1.071874
20190714,0.027803506223201827,0.027791066022819163,1.2440200382665331e-05,0.109582,-0.005252,0.001250,1.009099
20190708,0.018635388675113194,0.018561590434228416,7.379824088477739e-05,0.245256,0.036874,0.000712,0.965809
20190719,0.09098245111875246,0.09096230226260127,2.014885615118335e-05,0.068564,-0.039302,0.000096,1.118282
20190716,0.0508681712359228,0.050862239912319474,5.931323603322629e-06,0.057415,-0.016224,0.000163,1.054204
20190709,0.02300062490441963,0.02297809774218255,2.2527162237078277e-05,0.143524,0.013870,0.000202,1.017412
20190722,0.04914574005642088,0.049139808386607496,5.9316698133826784e-06,0.057114,-0.016338,0.000072,1.053686
20190710,0.028921051274617197,0.02891034471528762,1.0706559329579627e-05,0.103064,0.002903,0.000010,1.039717
20190420,0.03938126253827841,0.033702074250100376,0.005679188288178034,0.342410,0.745783,0.000410,0.462822
20190721,0.08096258872301187,0.0809507251361123,1.1863586899566144e-05,0.038435,-0.032041,0.001095,1.084193
20190629,0.05800950174000693,0.058001379698393106,8.12204161382583e-06,0.073832,-0.016342,0.000044,1.100870
20190723,0.06268821129582518,0.06268001694180905,8.194354016118088e-06,0.043101,-0.025172,0.000042,1.064228
20190724,0.05456376478788519,0.054556693226980986,7.071560904199831e-06,0.068683,-0.015326,0.000228,1.069021
20190720,0.05792657527161492,0.057917487839266174,9.087432348747347e-06,0.074031,-0.018990,0.000081,1.093012
20190725,0.045335510153165115,0.045328096546977385,7.413606187730664e-06,0.063722,-0.018291,0.000272,1.059187
20190726,0.014553326435627179,0.014491960197069486,6.136623855769353e-05,0.237322,0.022397,0.000535,1.014954
20190728,0.025435562539938106,0.02541649570096195,1.906683897615842e-05,0.137246,0.004773,0.000161,1.002735
20190718,0.093800666724789,0.09380064819113063,1.853365837151401e-08,0.001306,0.001295,0.000024,1.094108
20190730,0.026641913027710785,0.026632075872803123,9.837154907662251e-06,0.096036,-0.007836,0.000045,0.980537
20190729,0.015801508398068476,0.01576930913014283,3.219926792564684e-05,0.177607,0.005067,0.001996,0.973177
20190731,0.024994486702097925,0.02498746060525379,7.02609684413428e-06,0.081361,-0.006374,0.000039,0.979704
20190727,0.017005888835116775,0.01695942400644526,4.646482867151362e-05,0.209989,0.015337,0.000414,0.985430
20190801,0.02254182655580428,0.022535850233088142,5.97632271613698e-06,0.076508,-0.003502,0.000047,0.959011
20190815,0.05144669886159595,0.05144228435160528,4.414509990678877e-06,0.033372,-0.018168,0.000038,0.980045
20190818,0.027389624940715965,0.027377412278328312,1.221266238765427e-05,0.109463,0.000940,0.001489,0.944548
20190810,0.02147638473777036,0.021398166911906605,7.82178258637531e-05,0.255494,0.035973,0.000010,0.962996
20190821,0.018447727561006738,0.01839655795722114,5.116960378559641e-05,0.208072,0.028025,0.000463,0.888775
20190819,0.01797687012672666,0.017938263269397882,3.860685732877877e-05,0.188216,0.017837,0.000010,0.931730
20190803,0.01835420687758674,0.018280632249408547,7.357462817819354e-05,0.244259,0.036820,0.001884,0.943603
20190817,0.032102948804876644,0.032097473086758734,5.475718117910223e-06,0.072389,-0.004853,0.000016,0.959986
20190802,0.016926381662856316,0.016868086040760996,5.8295622095317924e-05,0.222345,0.029763,0.000010,0.968996
20190809,0.02470270529489303,0.024607034184745382,9.56711101476468e-05,0.267114,0.049238,0.000879,0.946840
20190814,0.018743712927701862,0.018727649278495406,1.606364920645549e-05,0.122928,0.009742,0.000181,0.908025
20190805,0.040221034235505576,0.04021610462968214,4.9296058234308135e-06,0.056067,-0.013364,0.000037,1.019901
20190816,0.013499676294540824,0.01347331595799345,2.6360336547375107e-05,0.159352,0.009759,0.000385,0.919864
20190806,0.03523983974638305,0.03523515002157621,4.689724806832594e-06,0.063117,-0.008401,0.000046,1.033959
20190820,0.026312878317755736,0.026223516401864495,8.936191589124226e-05,0.285419,0.027926,0.000997,0.906888
20190825,0.01922778831869667,0.019212873786127828,1.4914532568841388e-05,0.121848,0.001510,0.000669,0.848196
20190808,0.018774877112884746,0.01873516241003282,3.9714702851925064e-05,0.188691,0.020272,0.000092,0.981134
20190812,0.03189121590767027,0.03181516755584562,7.604835182465464e-05,0.258100,0.030681,0.000443,0.922547
20190826,0.016486911680417795,0.016478822290724407,8.089389693389604e-06,0.089275,0.003453,0.000045,0.857888
20190823,0.020965364889242197,0.02090850788883046,5.685700041173774e-05,0.209238,0.036157,0.000174,0.877932
20190824,0.03361518914924653,0.03353353402579836,8.165512344816596e-05,0.258980,0.038188,0.000086,0.869081
20190811,0.031292981649122996,0.031197821425799886,9.516022332311069e-05,0.280764,0.040349,0.000716,0.942501
20190822,0.018027469143961843,0.017958506089549842,6.896305441199926e-05,0.232628,0.038373,0.001107,0.897465
20190829,0.028814560888223168,0.028809242608824448,5.3182793987212464e-06,0.071564,-0.004283,0.000368,0.852579
20190807,0.017611454510149557,0.01758544082753344,2.6013682616116538e-05,0.155823,0.013140,0.000249,1.018047
20190804,0.013650071357778798,0.013618053196096568,3.2018161682230075e-05,0.169517,0.018095,0.000279,0.937845
20190827,0.01627835545846714,0.016250317697649976,2.803776081716478e-05,0.156744,0.018576,0.000431,0.840672
20190828,0.018591648620168634,0.01856148436265812,3.0164257510517302e-05,0.166990,0.014676,0.001118,0.837178
20190830,0.022654275775552065,0.022578973338317782,7.530243723428338e-05,0.242236,0.040644,0.001024,0.813365
20190831,0.022714767547440985,0.02264634092128068,6.842662616030515e-05,0.239339,0.033310,0.000690,0.815336
20190901,0.018302706245977598,0.01826029288775622,4.2413358221377205e-05,0.199681,0.015939,0.000010,0.812698
20190926,0.06744706734159865,0.06744277665723494,4.290684363705276e-06,0.014145,-0.020225,0.000036,0.834460
20190925,0.053438659953400025,0.05343554866199044,3.1112914095832765e-06,0.018919,-0.016593,0.000029,0.834531
20190927,0.039158860100279747,0.03915233197353349,6.528126746256326e-06,0.054810,-0.018772,0.000033,0.912250
20190813,0.03807146458288645,0.03800569866765696,6.576591522948365e-05,0.253700,-0.011698,0.000581,0.898790
20190903,0.018883887636550467,0.01883761916025599,4.6268476294479136e-05,0.197705,0.026798,0.000010,0.825361
20190905,0.019877242489709877,0.01981282711224126,6.441537746861852e-05,0.222815,0.038318,0.000929,0.804848
20190904,0.01866279321771513,0.01859726635810686,6.552685960826919e-05,0.225116,0.038407,0.000993,0.804588
20190919,0.028092456444449167,0.02789596954847251,0.00019648689597665835,0.232144,-0.119405,0.000440,0.745207
20190902,0.02443276656320009,0.024393662077172043,3.910448602804525e-05,0.197725,-0.000728,0.000203,0.796010
20190929,0.025934650414728436,0.02592287722791764,1.1773186810796072e-05,0.098140,-0.014633,0.000075,0.906700
20190928,0.02175090306192907,0.021737748720260776,1.3154341668296992e-05,0.103533,-0.015603,0.000078,0.898157
20191004,0.05846212490641026,0.058340357113760274,0.00012176779264998114,0.317146,0.045859,0.001247,0.805072
20190930,0.01717454969157997,0.01717004105477208,4.50863680789274e-06,0.052957,-0.013055,0.000010,0.896755
20190924,0.03238728973381244,0.03234143935302854,4.585038078390211e-05,0.213768,-0.002133,0.001040,0.741570
20191001,0.02259352765933944,0.022557554047579437,3.5973611760000265e-05,0.184797,-0.013498,0.000125,0.884274
20191003,0.043571744222683256,0.04346603394397563,0.00010571027870762506,0.307049,0.033710,0.000824,0.839064
20191002,0.03161026142473328,0.031555486593120366,5.4774831612910196e-05,0.231064,0.011730,0.000290,0.858148
20190906,0.02628891624973111,0.026243290354060027,4.5625895671081625e-05,0.213501,0.000435,0.000642,0.798200
20190907,0.026096417313915606,0.02604572355297014,5.069376094546552e-05,0.224870,-0.002432,0.000824,0.770881
20190922,0.03653196164318194,0.031179414035471077,0.0053525476077108634,0.610158,0.705709,0.000010,0.549638
20191012,0.08318170609399535,0.08286495895621816,0.0003167471377771862,0.458405,0.102968,0.002422,0.743662
20191019,0.07795407970239512,0.07770369057950666,0.00025038912288846303,0.392421,0.098066,0.001502,0.675580
20191017,0.06927845699660598,0.06905981517414017,0.00021864182246580425,0.384919,0.083868,0.001187,0.696561
20190908,0.03285829923638057,0.032780422820425696,7.787641595487085e-05,0.278370,-0.006218,0.000010,0.755510
20190627,0.0379193946766591,0.03791939050440109,4.172258008428218e-09,0.000010,-0.000645,0.000010,1.203163
20191005,0.07602125275720228,0.0759121654434798,0.0001090873137224887,0.319463,-0.026297,0.001074,0.780748
20191020,0.07461864264842372,0.07433914189995272,0.0002795007484710013,0.400000,0.109109,0.002129,0.667810
20191024,0.0543681036167349,0.0541549956690992,0.00021310794763570038,0.313015,0.107028,0.002407,0.692634
20190923,0.03047035345999531,0.024928440417036853,0.005541913042958459,0.516378,0.725895,0.007766,0.580304
20191006,0.06647058806999565,0.06629809755166009,0.000172490518335555,0.194238,-0.116084,0.000251,0.789644
20190921,0.037555495778833416,0.031581931517090524,0.005973564261742893,0.609544,0.748466,0.000010,0.512148
20191007,0.06053099212761379,0.060435217799732106,9.577432788168698e-05,0.303303,-0.019447,0.000010,0.794101
20190920,0.031041937368936137,0.025131057510128937,0.005910879858807198,0.531286,0.750213,0.002058,0.572341
20190914,0.040381998495629894,0.0352442905417555,0.005137707953874396,0.841934,0.665496,0.000010,0.511285
20190916,0.03134187061653458,0.026413744289718627,0.004928126326815957,0.604482,0.675480,0.000010,0.583245
20190912,0.031723929398134586,0.025953908531621876,0.005770020866512711,0.414668,0.748189,0.001421,0.640575
20191014,0.05346252397258328,0.04879721292614414,0.004665311046439142,0.855743,0.626951,0.004836,0.552569
20190911,0.02451617554634223,0.019020398820036248,0.005495776726305982,0.501966,0.724102,0.002380,0.618467
20190918,0.02444464139744852,0.019801630828987248,0.004643010568461273,0.487638,0.663718,0.000010,0.628853
20190913,0.033122020634103105,0.02793520722863499,0.005186813405468115,0.732256,0.681954,0.000010,0.563065
20190915,0.041755784362604305,0.03610229484831798,0.005653489514286328,0.660623,0.722293,0.000010,0.542233
20191026,0.03562651408603903,0.03562561879452439,8.952915146426195e-07,0.019281,-0.007235,0.000010,0.888981
20191013,0.05811427091968003,0.05165998695084527,0.006454283968834759,0.598879,0.780745,0.000010,0.584833
20190917,0.02437364648570907,0.020087204348860976,0.004286442136848093,0.545665,0.631524,0.002170,0.633204
20191008,0.04863869835799979,0.04333373057680675,0.005304967781193038,0.664573,0.697372,0.000567,0.633757
20191009,0.050112714842458,0.04486369245519751,0.005249022387260494,0.585886,0.700396,0.001483,0.648095
20190909,0.02178621171584709,0.016330343074873983,0.005455868640973109,0.384032,0.728552,0.002266,0.655069
20191027,0.028434807173098632,0.02838980731500786,4.499985809077404e-05,0.189628,0.030059,0.000231,0.862080
20191029,0.02734458133074731,0.027187435361927942,0.00015714596881937106,0.226261,0.102913,0.000639,0.799691
20191028,0.024418472400203086,0.02441324768941464,5.2247107884477415e-06,0.071411,0.003537,0.000029,0.872782
20191018,0.05276301283041779,0.047441091108715056,0.005321921721702735,0.596987,0.704665,0.000209,0.548616
20191010,0.053540154533105365,0.04726661274625968,0.006273541786845688,0.631398,0.766478,0.000048,0.606976
20191016,0.04709629718412367,0.042157680416032774,0.004938616768090895,0.692323,0.667780,0.000010,0.575988
20191023,0.0521989614868377,0.04701416886776981,0.005184792619067884,0.579249,0.696338,0.001991,0.530007
20191022,0.05697393415335416,0.05126446773473759,0.00570946641861657,0.523957,0.737220,0.000010,0.527536
20191021,0.054675434984215315,0.04904149618988818,0.005633938794327135,0.600518,0.726173,0.000715,0.523167
20191122,0.023345482240093383,0.023343140788234264,2.3414518591199923e-06,0.017031,0.014323,0.000010,0.789601
20191015,0.04866083965361653,0.04457859765326076,0.004082242000355771,0.891420,0.573377,0.000010,0.569882
20190910,0.026471213272248096,0.020362714647259087,0.006108498624989008,0.391799,0.771658,0.002072,0.640110
20191127,0.029754544823573075,0.0297445803543575,9.964469215573557e-06,0.077306,0.019971,0.000010,0.729854
20191125,0.022121436262893025,0.022090584874461913,3.085138843111331e-05,0.121941,0.039968,0.000278,0.741145
20191011,0.05514542408062904,0.049653334838332515,0.005492089242296523,0.714702,0.705778,0.000788,0.587323
20191025,0.06297734956760376,0.052524124347861946,0.010453225219741806,0.430997,1.013229,0.003362,0.422648
20191126,0.02820329681707339,0.028164098657181426,3.919815989196509e-05,0.197837,0.001439,0.000616,0.725454
20191114,0.05613363400248038,0.04670407269870944,0.009429561303770942,0.401617,0.961838,0.013014,0.485241
20191107,0.04361045621488703,0.035680058324799827,0.007930397890087204,0.455882,0.878780,0.000458,0.506148
20191104,0.04159718460290927,0.03340523034432154,0.008191954258587732,0.455710,0.892442,0.014054,0.532010
20191105,0.039866575030263335,0.03109295624324512,0.008773618787018218,0.396064,0.927844,0.008835,0.544626
20191109,0.055854373030689006,0.04663461985343639,0.009219753177252609,0.403711,0.951591,0.003890,0.476068
20191120,0.04966647178020097,0.0412617884077576,0.008404683372443371,0.472794,0.903630,0.012523,0.474807
20191119,0.0559219147592619,0.04804119733228617,0.00788071742697573,0.578487,0.868369,0.007364,0.426701
20191111,0.04955331977769314,0.0399441391910317,0.009609180586661437,0.429720,0.970800,0.000010,0.462435
20191115,0.055185337345028604,0.04525648567429236,0.009928851670736245,0.464215,0.985564,0.000010,0.403653
20191117,0.07574960529174425,0.06494834792774766,0.01080125736399659,0.443639,1.029779,0.000010,0.415520
20191110,0.0503895198109193,0.04130036194805624,0.009089157862863063,0.502523,0.940033,0.000010,0.422522
20191121,0.06327133574744018,0.055723294341743654,0.007548041405696525,0.464661,0.856279,0.000010,0.522314
20191113,0.05072637387080152,0.041997166357953315,0.008729207512848206,0.501029,0.920770,0.000010,0.445332
20191101,0.03459025793938709,0.027519172994224336,0.007071084945162749,0.413414,0.830026,0.010365,0.607415
20191108,0.05141059177214545,0.04337750238657562,0.008033089385569837,0.526711,0.880663,0.000010,0.436119
20191118,0.056553377182480616,0.04786057184903479,0.008692805333445828,0.542745,0.916419,0.000010,0.419564
20191103,0.043949817967232005,0.035480507396537055,0.008469310570694952,0.487737,0.907272,0.000010,0.524779
20191106,0.03952481675831204,0.03140384493365884,0.008120971824653203,0.414413,0.891582,0.000746,0.546127
20191129,0.0375102341538961,0.030866243163025296,0.006643990990870804,0.484176,0.800598,0.000010,0.497561
20191102,0.03991669424814828,0.03265498225642748,0.007261711991720802,0.455724,0.839856,0.002103,0.553815
20191201,0.040085782785541625,0.03346498689815397,0.006620795887387656,0.388184,0.804370,0.000010,0.539089
20191116,0.05995921100415827,0.04948884669678068,0.010470364307377591,0.419534,1.014611,0.000010,0.426600
20191128,0.02211804059821583,0.01728719435293879,0.004830846245277036,0.452621,0.680146,0.000010,0.618468
20191112,0.04981319356529377,0.0406478467098284,0.009165346855465372,0.466417,0.945928,0.000010,0.445491
20191218,0.04230026134679062,0.04226892847000554,3.1332876785086684e-05,0.176986,-0.000164,0.000291,0.686283
20191124,0.036854183385879064,0.03064631393574378,0.006207869450135284,0.395460,0.777863,0.002767,0.570033
20191123,0.04168373986846663,0.03536576509651022,0.00631797477195641,0.423132,0.783514,0.000010,0.566927
20191130,0.045091793112156525,0.03720042522501078,0.007891367887145746,0.422018,0.878252,0.000010,0.504159
20191031,0.02692287503614771,0.02075399191460514,0.006168883121542567,0.393284,0.775513,0.000010,0.635754
20191030,0.020607519496253904,0.015374969010463424,0.005232550485790479,0.458554,0.708524,0.004712,0.666556
20191204,0.039226584028151816,0.03222197511878472,0.007004608909367095,0.438407,0.825373,0.000010,0.511615
20191219,0.0671548929912777,0.06708736390967342,6.752908160428616e-05,0.259034,-0.006267,0.000613,0.676141
20191202,0.03216935560866713,0.02563870533039023,0.006530650278276894,0.471234,0.794266,0.000010,0.512988
20191205,0.03791923966285057,0.032352068808201545,0.005567170854649026,0.363551,0.737224,0.000179,0.576813
20191203,0.034045224146221284,0.027550987821585497,0.006494236324635787,0.458594,0.792712,0.000010,0.512677
20191206,0.03656596856785741,0.029672447872260563,0.0068935206955968486,0.419869,0.819587,0.000010,0.495917
20191207,0.038964751771334856,0.03190755052094776,0.007057201250387097,0.402144,0.830390,0.000010,0.498567
20191223,0.09794211158514897,0.09794200580301692,1.0578213205435722e-07,0.006487,-0.002524,0.000010,0.611048
20191211,0.03874502349160516,0.03217681743118401,0.006568206060421153,0.485869,0.795693,0.002941,0.469549
20191225,0.052288048904004916,0.04290562455380202,0.009382424350202891,0.408778,0.959965,0.000010,0.445984
20191215,0.047772562743191416,0.04046101868168283,0.007311544061508584,0.505159,0.840021,0.000010,0.438309
20191213,0.04735226479747574,0.04079534585095389,0.006556918946521856,0.513749,0.793262,0.001817,0.449544
20191216,0.050300737433972106,0.04306199773417709,0.007238739699795018,0.496748,0.836101,0.003655,0.453016
20191208,0.04636520714928366,0.03912532165650992,0.007239885492773742,0.429777,0.839948,0.000725,0.477177
20191212,0.04475849805837985,0.03923966448405065,0.005518833574329201,0.551253,0.722146,0.000292,0.487522
20191214,0.05356234268233873,0.046130892752418294,0.00743144992992044,0.480257,0.848575,0.000010,0.433189
20191220,0.0473513420176215,0.038851174339411605,0.008500167678209894,0.386047,0.913562,0.007200,0.498597
20191221,0.05022746975857208,0.04228012338423872,0.007947346374333357,0.459629,0.879550,0.000010,0.476233
20191209,0.04302310069270525,0.03605278676235118,0.006970313930354073,0.438785,0.823273,0.000010,0.486452
20191217,0.04425300147238771,0.03781382885842104,0.006439172613966666,0.337760,0.795273,0.002239,0.575720
20191226,0.05383598415486811,0.043633722606272934,0.010202261548595173,0.386454,1.002642,0.000010,0.460684
20191210,0.042652330897294435,0.035707210383247846,0.006945120514046591,0.406751,0.823341,0.002764,0.495753
20191224,0.064938791638708,0.056660553029409734,0.008278238609298267,0.389091,0.901490,0.000010,0.471275
20191222,0.06055947506126949,0.051586427097390745,0.008973047963878744,0.443366,0.936828,0.000010,0.432682
20191228,0.06809649058341766,0.05920172731905193,0.008894763264365719,0.439510,0.932812,0.001441,0.423928
20191227,0.06488028952003548,0.05609492007652382,0.008785369443511656,0.420288,0.927832,0.000017,0.440769
20191231,0.05954421314377853,0.04777794927684632,0.011766263866932209,0.413268,1.075415,0.017409,0.416609
20200102,0.06817099306077946,0.05702558419477052,0.011145408866008942,0.403550,1.047977,0.000010,0.437978
20191229,0.07032701635068918,0.059919368531439386,0.010407647819249797,0.393433,1.012564,0.000010,0.412186
20200201,0.0722977801799774,0.07218913480972663,0.000108645370250761,0.155393,-0.091922,0.000145,0.610785
20200105,0.06781571017836766,0.05748696367580241,0.010328746502565246,0.466154,0.996400,0.042815,0.420315
20200101,0.061332300906513704,0.04900303369926571,0.012329267207247993,0.391392,1.103451,0.000606,0.417523
20200106,0.06408030095021539,0.05420498721455892,0.00987531373565647,0.478054,0.981970,0.006430,0.431320
20191230,0.06567068998275911,0.054868888301194824,0.010801801681564287,0.403829,1.031215,0.006846,0.428433
20200103,0.07349773070201002,0.0634189551319106,0.010078775570099414,0.435797,0.994123,0.007780,0.442770
20200107,0.06090420968680338,0.05069867703311392,0.01020553265368946,0.436555,1.000747,0.000010,0.486422
20200123,0.04548894032919724,0.03597245847812765,0.009516481851069588,0.428914,0.966049,0.000010,0.425521
20200104,0.07288466299075638,0.062830657572937,0.010054005417819378,0.465902,0.991814,0.000010,0.421448
20200110,0.07009192285420841,0.05778558661874081,0.012306336235467608,0.418428,1.100909,0.010602,0.448271
20200108,0.05484852758325266,0.04570866559468829,0.009139861988564379,0.363785,0.949080,0.000010,0.610326
20200114,0.04580154760087347,0.0366632286417287,0.009138318959144772,0.409794,0.947121,0.000272,0.506329
20200130,0.03847424602154689,0.031248720192225694,0.0072255258293211985,0.432562,0.838942,0.001315,0.506535
20200122,0.04905129170667512,0.04039428531680577,0.008657006389869347,0.436884,0.920116,0.000010,0.467245
20200202,0.037544161359390676,0.03012738273359711,0.007416778625793565,0.430971,0.850355,0.000010,0.471867
20200113,0.04739314089768481,0.03798375667241074,0.00940938422527407,0.450259,0.959513,0.000010,0.480256
20200109,0.05641317050438137,0.045619853804562654,0.010793316699818716,0.398181,1.031250,0.000010,0.527417
20200129,0.03630655514089242,0.028382426685353637,0.007924128455538781,0.370869,0.882394,0.001997,0.514360
20200111,0.057564035147295245,0.047069039957826186,0.010494995189469062,0.464919,1.012990,0.013171,0.465626
20200127,0.04567313434566676,0.037167322501491164,0.008505811844175598,0.505951,0.908286,0.000010,0.412188
20200121,0.04697461834790166,0.03844184796174049,0.008532770386161175,0.438258,0.913274,0.000010,0.458446
20200128,0.03966175423838181,0.03206866737842624,0.007593086859955569,0.489191,0.857542,0.000010,0.468745
20200120,0.04302444800304283,0.03465944747447388,0.008365000528568948,0.455179,0.903206,0.000010,0.478445
20200126,0.04969826173627859,0.04019398002514908,0.009504281711129502,0.457977,0.964082,0.000010,0.409748
20200116,0.03903515769860891,0.03046604114714254,0.00856911655146637,0.311273,0.920445,0.000569,0.557985
20200118,0.039665613662093424,0.030892469368889206,0.00877314429320422,0.432873,0.926594,0.000010,0.493921
20200212,0.04998037564431555,0.049953050206326836,2.7325437988717536e-05,0.165236,-0.001394,0.000172,0.647826
20200131,0.03445101631231448,0.027070729746287645,0.007380286566026835,0.442578,0.847609,0.000010,0.481463
20200125,0.05006864244720942,0.04079583140022485,0.00927281104698457,0.441149,0.952796,0.000010,0.421941
20200203,0.038492084581968934,0.031044412437629537,0.007447672144339394,0.422975,0.852570,0.000375,0.464540
20200112,0.0528988624925439,0.041137689144175926,0.011761173348367975,0.421380,1.076272,0.000010,0.463094
20200124,0.05522792204506834,0.045888065148969745,0.009339856896098593,0.424009,0.957083,0.000010,0.424164
20200119,0.035005429680790456,0.02624836327871403,0.008757066402076429,0.403247,0.927063,0.000010,0.522505
20200115,0.03958749085947205,0.03250818201569764,0.007079308843774409,0.366018,0.833301,0.003793,0.578462
20200206,0.03346200221516847,0.025426505013167292,0.008035497202001177,0.396534,0.886632,0.013073,0.507811
20200204,0.03968939302526979,0.033001731964703844,0.006687661060565944,0.496769,0.802510,0.002572,0.458175
20200227,0.031305301280683616,0.03114120140204886,0.00016409987863475603,0.171670,0.116011,0.000658,0.633572
20200117,0.03625316332339683,0.02695934010565365,0.009293823217743179,0.366244,0.957063,0.000010,0.531700
20200216,0.03845887960583595,0.034310974127531695,0.004147905478304254,1.181638,0.522921,0.013106,0.457158
20200309,0.03470529552184413,0.03468824442200236,1.7051099841771762e-05,0.091073,0.029587,0.000173,0.662081
20200312,0.18267947054135608,0.18264568653404398,3.37840073120946e-05,0.181281,0.009596,0.000071,0.989215
20200207,0.03409653760011819,0.027475883683325857,0.006620653916792329,0.499268,0.798180,0.002164,0.472260
20200209,0.033007788242195996,0.026811122361452788,0.0061966658807432115,0.600307,0.763804,0.004835,0.455115
20200220,0.024223703536679523,0.01795571106792436,0.006267992468755164,0.346929,0.784036,0.002258,0.565418
20200208,0.03673297467141001,0.029816671117038618,0.006916303554371391,0.549345,0.813296,0.000358,0.442984
20200219,0.031054983930949617,0.026123463746395077,0.004931520184554541,0.731418,0.663065,0.000010,0.464281
20200211,0.04149722271096798,0.0358367624406703,0.005660460270297679,0.685036,0.720499,0.000156,0.400709
20200225,0.024372168890158655,0.019354138508501716,0.005018030381656937,0.529411,0.687917,0.007389,0.462249
20200315,0.20648987351744433,0.2064118749603407,7.799855710362992e-05,0.267750,-0.025111,0.000173,1.267055
20200221,0.0394664064475535,0.03280428395230257,0.006662122495250931,0.547342,0.797554,0.004020,0.431153
20200213,0.0252128772665812,0.0209244931002945,0.0042883841662867,0.819095,0.601454,0.000010,0.493346
20200218,0.035953177573696045,0.031446684229328246,0.004506493344367799,1.111158,0.571998,0.000010,0.406696
20200313,0.2797616871376013,0.2797141414124902,4.754572511109524e-05,0.198182,-0.028734,0.000361,1.337121
20200214,0.0316074682222494,0.027518543905745846,0.0040889243165035515,1.158036,0.524201,0.000306,0.451960
20200217,0.033227165679563915,0.02818103907970748,0.005046126599856431,0.842522,0.658505,0.000010,0.429066
20200319,0.07227635658223212,0.07225377637994533,2.2580202286796188e-05,0.084267,-0.039344,0.000010,1.114769
20200222,0.03897215320031789,0.03366364373280659,0.0053085094675112965,0.696770,0.694480,0.000035,0.397859
20200215,0.04370057289058689,0.03954627093484904,0.00415430195573785,1.146477,0.532906,0.000010,0.430393
20200210,0.03702378894635774,0.03002115229293201,0.0070026366534257254,0.473542,0.823310,0.000010,0.467220
20200224,0.03144733887406524,0.026552705815590497,0.004894633058474748,0.665106,0.667253,0.000010,0.427073
20200226,0.035967034556909756,0.031748442848181783,0.004218591708727975,0.290915,0.642959,0.000010,0.570702
20200320,0.25316340066835813,0.2530979885228617,6.541214549642562e-05,0.236311,-0.030933,0.000093,1.328196
20200322,0.14178365751967548,0.14171232076618706,7.133675348842356e-05,0.249395,-0.030193,0.000482,1.242948
20200205,0.03964454842060456,0.031961721837268,0.007682826583336557,0.432778,0.865767,0.000010,0.462381
20200318,0.20684243653681056,0.2067683798270898,7.405670972076154e-05,0.265841,0.018397,0.000074,1.365354
20200326,0.05925050523093876,0.059225673474423424,2.4831756515338834e-05,0.081380,-0.042668,0.000196,1.147844
20200308,0.04750513060619493,0.04005107732383306,0.0074540532823618635,0.452222,0.851443,0.000010,0.420931
20200317,0.2857076692517268,0.2856449844335596,6.268481816719634e-05,0.242192,0.020070,0.000010,1.457635
20200321,0.10047220153291653,0.10037532972902001,9.687180389652369e-05,0.300772,-0.025301,0.000252,1.222730
20200223,0.03099428571048268,0.02587847210890464,0.005115813601578041,0.625022,0.687376,0.001739,0.423608
20200323,0.14207180016775692,0.1419920301130688,7.977005468812204e-05,0.269919,-0.026170,0.000809,1.258863
20200228,0.029749007787352746,0.024416719746767845,0.005332288040584902,0.349295,0.721812,0.001237,0.536723
20200327,0.03960774156527237,0.0395425170115392,6.522455373317623e-05,0.252867,-0.011223,0.000484,0.999844
20200325,0.1448221551167311,0.14477141035852253,5.0744758208567526e-05,0.212252,-0.023858,0.000141,1.232733
20200324,0.15133886184332832,0.15129538928458128,4.3472558747030624e-05,0.206240,-0.009516,0.000568,1.273059
20200305,0.04053373151286423,0.03365880781261518,0.006874923700249041,0.413180,0.818792,0.000010,0.474152
20200316,0.5279376478022344,0.5279268886146808,1.0759187553506974e-05,0.022897,-0.031992,0.000010,1.754656
20200307,0.05404237946655835,0.0468625253344277,0.007179854132130645,0.481396,0.833553,0.000010,0.393698
20200329,0.06229040385691826,0.06223785715557338,5.254670134487578e-05,0.198376,-0.036298,0.000429,1.010246
20200401,0.04965775423180766,0.0495579999729401,9.975425886755933e-05,0.314773,0.007112,0.001291,0.917694
20200328,0.06057738882135954,0.06054202224821219,3.536657314735389e-05,0.152082,-0.034950,0.000474,1.009576
20200306,0.05270294051317269,0.045785681836206335,0.006917258676966356,0.480380,0.817681,0.002169,0.412478
20200402,0.050411509527611226,0.050323209754169755,8.829977344147275e-05,0.295997,0.006618,0.001573,0.913273
20200311,0.023306789611635705,0.017841773940654077,0.005465015670981627,0.322466,0.732179,0.001290,0.573183
20200302,0.0244242990940423,0.019063615823730878,0.005360683270311423,0.439880,0.718824,0.001044,0.500400
20200330,0.055705607834298385,0.05566672601767819,3.888181662019315e-05,0.152044,-0.039670,0.000522,1.010882
20200310,0.024752591371024733,0.018842942390973595,0.0059096489800511375,0.381224,0.759223,0.001115,0.549425
20200301,0.049181472343926884,0.046555644175553135,0.002625828168373746,0.838736,-0.438446,0.000010,0.495472
20200331,0.05293623704651325,0.05281010265532357,0.0001261343911896809,0.353909,0.008836,0.001011,0.949385
20200229,0.029118785120134293,0.022591158686343378,0.0065276264337909146,0.388057,0.798558,0.000920,0.481022
20200314,0.16539368493548798,0.16539368330876078,1.6267271964466256e-09,0.000010,-0.000402,0.000010,1.231571
20200403,0.03919178860138645,0.03913721085291246,5.4577748473990024e-05,0.229057,-0.014416,0.000570,0.937932
20200406,0.06537042228222018,0.06523571828552065,0.0001347039966995346,0.358882,0.024137,0.000902,0.910880
20200408,0.055211955471007226,0.05509393412033152,0.00011802135067570425,0.343280,0.004242,0.000010,0.921444
20200416,0.06368013659150916,0.06354899164235178,0.00013114494915737943,0.357770,0.017307,0.001226,0.870577
20200304,0.05178510371990697,0.048917976370905475,0.0028671273490014997,1.079428,-0.412549,0.000010,0.477080
20200303,0.029804798213497595,0.023886724026177517,0.005918074187320077,0.435195,0.756875,0.000862,0.474533
20200410,0.08778088729696301,0.0875167580400147,0.0002641292569483087,0.446982,0.079803,0.002552,0.892657
20200430,0.05209570875148774,0.05209171100242001,3.997749067733464e-06,0.019674,-0.019002,0.000029,0.834443
20200429,0.03672416763892863,0.036703693360976244,2.0474277952385657e-05,0.141415,0.006899,0.000010,0.754061
20200507,0.023869109530713327,0.023849805019557517,1.930451115581123e-05,0.103352,-0.029239,0.000860,0.803846
20200506,0.023516743491862353,0.0235006742700158,1.6069221846552635e-05,0.108184,-0.020851,0.000423,0.800572
20200501,0.037075300394601496,0.03707099927010023,4.3011245012670644e-06,0.065178,-0.002298,0.000039,0.778179
20200404,0.06948237317963368,0.06928373220455587,0.00019864097507781407,0.445463,0.004515,0.000011,0.909496
20200505,0.05333017629555492,0.053226607207306834,0.00010356908824808557,0.307240,0.030177,0.000811,0.767753
20200509,0.03381301756719105,0.033801724815191544,1.129275199951067e-05,0.085792,-0.019598,0.000958,0.805098
20200514,0.0789417308973427,0.07893711091166575,4.619985676952106e-06,0.038338,-0.017749,0.000010,0.877018
20200409,0.06762048646267312,0.06750211297301759,0.00011837348965553166,0.333894,-0.026207,0.000449,0.908303
20200511,0.10871171050298019,0.10870089882331556,1.0811679664626902e-05,0.014654,-0.032552,0.000090,0.962462
20200504,0.03496881704180021,0.03484759880916504,0.00012121823263516985,0.298946,0.056342,0.001025,0.791510
20200512,0.047377484135946966,0.047306235457845715,7.124867810124872e-05,0.266122,0.006097,0.000750,0.793902
20200510,0.09760689523114807,0.09759639174425402,1.0503486894053224e-05,0.020496,-0.031752,0.000129,0.970764
20200508,0.04008265204898756,0.04008040161081967,2.2504381678918437e-06,0.013292,-0.014401,0.000010,0.827950
20200513,0.054983188927452895,0.05492493919339886,5.824973405403501e-05,0.238736,-0.011132,0.000394,0.802890
20200516,0.05727731668098691,0.05716005998426652,0.00011725669672038741,0.339306,0.014135,0.001142,0.819336
20200515,0.05976835173931163,0.05961063752999488,0.0001577142093167457,0.365189,0.042239,0.008068,0.841333
20200517,0.08252511854460755,0.08235946450844085,0.00016565403616669103,0.385117,0.041638,0.000129,0.815647
20200425,0.06033722696212307,0.0535328166207546,0.006804410341368474,0.706432,0.794063,0.000010,0.517157
20200521,0.08001933268444222,0.07978454017638802,0.00023479250805420455,0.436374,0.066378,0.001759,0.815231
20200405,0.06580540522045408,0.06555863580568114,0.0002467694147729464,0.176063,-0.146892,0.000010,0.910376
20200411,0.08569304999678197,0.08562958624392286,6.346375285910747e-05,0.170004,-0.058778,0.000369,0.893886
20200602,0.03119203912429766,0.031191793495679448,2.4562861821260265e-07,0.004526,0.004745,0.000010,0.736363
20200419,0.07016757677871381,0.06321845053279088,0.006949126245922934,0.770066,0.797253,0.000010,0.577812
20200603,0.026002495323469446,0.025959995659037907,4.2499664431539235e-05,0.156622,0.042376,0.000348,0.714166
20200417,0.07167968119188425,0.06450256677804751,0.007177114413836736,0.732825,0.814854,0.001463,0.621806
20200420,0.07161281459058493,0.06540866321183576,0.006204151378749166,0.746738,0.751429,0.000899,0.586990
20200426,0.05394308109457612,0.04717300485479241,0.006770076239783713,0.648145,0.796865,0.000696,0.539160
20200424,0.05985933782157307,0.05253288446876567,0.007326453352807404,0.500444,0.840951,0.006346,0.608535
20200418,0.07860672585624043,0.07072387758152535,0.00788284827471508,0.758899,0.854805,0.000010,0.555373
20200422,0.06334587896254776,0.0589162033681624,0.004429675594385357,0.963128,0.591782,0.000010,0.631279
20200428,0.04998815510216221,0.045063995740835285,0.004924159361326922,0.630615,0.672787,0.000747,0.591522
20200412,0.07230434374794494,0.06658964381262268,0.005714699935322248,1.061569,0.677331,0.000010,0.685475
20200604,0.03641749487021317,0.03637143944115044,4.605542906272329e-05,0.214553,-0.001172,0.000297,0.705270
20200423,0.0688903034706793,0.06331025532671068,0.005580048143968619,0.820599,0.700476,0.000010,0.586845
20200414,0.06749051870989162,0.06195762869435493,0.005532890015536688,1.333113,0.612838,0.000010,0.647579
20200427,0.05143208290895799,0.04633427779309184,0.005097805115866148,0.546278,0.692776,0.000010,0.591909
20200503,0.03131301713903887,0.027347313803478893,0.003965703335559974,0.594990,0.600973,0.000010,0.659563
20200415,0.0703379338047798,0.06492802361960777,0.005409910185172035,1.229295,0.624399,0.000010,0.641187
20200502,0.03410939193437446,0.03055104864881639,0.0035583432855580714,0.920095,0.520746,0.000010,0.647013
20200421,0.04084904685819355,0.037173213356875595,0.003675833501317957,0.975906,-0.521866,0.000010,0.654494
20200523,0.0684416179555454,0.06134816943229265,0.007093448523252755,0.605187,0.820195,0.000010,0.592673
20200528,0.05418625669158826,0.047117808044872915,0.007068448646715346,0.498289,0.825842,0.000010,0.584499
20200524,0.06407125016946928,0.055299381480651624,0.008771868688817663,0.532553,0.921202,0.004614,0.550412
20200526,0.05256892372127009,0.0467856025361766,0.00578332118509349,0.528407,0.741897,0.000012,0.656257
20200529,0.06175626371384521,0.053229619611706615,0.008526644102138598,0.417678,0.913903,0.000010,0.530694
20200520,0.04837064968878981,0.04345353209098259,0.004917117597807222,0.828815,0.650398,0.000359,0.681018
20200527,0.04932568569763285,0.04304310458085497,0.006282581116777882,0.439737,0.780307,0.002058,0.665452
20200522,0.07288846142347746,0.066775683440568,0.006112777982909456,0.627464,0.756245,0.000010,0.645376
20200606,0.04735007271637341,0.04199005336234695,0.005360019354026462,0.538336,0.712054,0.000010,0.520060
20200612,0.05114712164867129,0.04580844498236462,0.005338676666306667,0.593826,0.706104,0.001462,0.522030
20200525,0.029490347938436932,0.026066409690752728,0.003423938247684205,0.761924,-0.533236,0.000010,0.672579
20200607,0.046888057651106096,0.04241489202926002,0.004473165621846074,0.629189,0.638536,0.000010,0.538639
20200614,0.054175469910295655,0.049317052153677335,0.00485841775661832,0.797011,0.649861,0.000010,0.494577
20200615,0.046685407027998074,0.04265247672134638,0.004032930306651695,0.564094,0.609486,0.000010,0.591272
20200608,0.03694237629019525,0.03197767898911938,0.00496469730107587,0.534617,0.683850,0.004878,0.555145
20200530,0.052884521902102244,0.045874696879576904,0.0070098250225253435,0.507283,0.821222,0.009185,0.525331
20200613,0.05712610246785951,0.05104178472796945,0.006084317739890067,0.588945,0.757341,0.004259,0.483249
20200601,0.0435171041978432,0.03760513040178872,0.005911973796054477,0.574094,0.747154,0.000010,0.557108
20200531,0.04542081040120754,0.040240444414921146,0.005180365986286391,0.711973,0.683627,0.000010,0.575714
20200620,0.06605233608363446,0.06022127245381515,0.005831063629819306,0.704314,0.730410,0.000375,0.445374
20200610,0.03475260189811904,0.030167916025396615,0.004584685872722423,0.411504,0.664481,0.000010,0.605571
20200618,0.06185317128494261,0.056826948913842976,0.005026222371099634,0.665305,0.677018,0.000778,0.509352
20200617,0.057441958079218036,0.052784183971673455,0.004657774107544582,0.715285,0.643905,0.000010,0.523621
20200605,0.041743283989986606,0.036372025138824766,0.0053712588511618375,0.469333,0.717704,0.000010,0.556480
20200616,0.0560323513160113,0.051517004500445544,0.004515346815565757,0.751890,0.627853,0.008951,0.523815
20200621,0.06787153358079187,0.06141488966398106,0.006456643916810811,0.540281,0.785145,0.001481,0.482985
20200611,0.0390188035789797,0.032808494540879175,0.0062103090381005295,0.386804,0.778504,0.000010,0.595176
20200609,0.04467287697372932,0.039997815878568106,0.004675061095161217,0.541198,0.661979,0.000010,0.561400
20200619,0.06991365215424251,0.06305615717247036,0.006857494981772155,0.545945,0.809904,0.000010,0.452223
20200413,0.05880080898191645,0.04894237194565092,0.009858437036265528,0.338437,-0.987112,0.000010,0.766285
20200407,0.02855030991528054,0.025168511326438794,0.003381798588841745,0.911197,-0.505126,0.000010,0.777906
20200625,0.06451218824840908,0.05796453572949069,0.006547652518918399,0.509673,0.792962,0.000010,0.497143
20200624,0.059155577921104006,0.05334299074632906,0.005812587174774946,0.677906,0.731640,0.000772,0.469087
20200622,0.06727147752736337,0.06148587028695981,0.005785607240403562,0.647953,0.732512,0.000489,0.465966
20200623,0.054014321144407955,0.046844831358291726,0.007169489786116227,0.554747,0.828356,0.000208,0.459869
20200519,0.026992488090002424,0.023947691123580604,0.0030447969664218217,0.867949,-0.478692,0.000022,0.741392
20200627,0.08517738347996484,0.07605264120946859,0.00912474227049626,0.427328,0.945626,0.000692,0.414850
20200518,0.030845840828949228,0.026391448491828038,0.004454392337121189,1.704566,-0.393554,0.000010,0.733932
20200630,0.08037507045355761,0.07099949607273946,0.00937557438081815,0.420951,0.959046,0.002609,0.425029
20200628,0.07786693979043077,0.06835707713207785,0.009509862658352918,0.404132,0.966775,0.000010,0.434876
20200626,0.07955217242279226,0.07209517282783612,0.007456999594956147,0.513352,0.848143,0.000010,0.427063
20200701,0.08023986770618059,0.07059718191885495,0.009642685787325647,0.408628,0.973433,0.000010,0.412152
20200629,0.07911686574530621,0.07117553467121604,0.007941331074090167,0.531824,0.836727,0.081079,0.400854
