date,cost,rmse,penalty,KAPPA,RHO,V0,VBAR,XI
20190419,0.01741848916047429,0.01364495,0.0037735364447873954,2.995134,0.260019,0.227019,0.5774699999999999,0.958261
20190409,0.013562303349226113,0.0104049,0.0031574055030844468,2.999227,-0.031046,0.520506,0.312922,0.989873
20190406,0.024356832633215808,0.02114712,0.0032097176108852802,3.001817,-0.066622,0.5411590000000001,0.26159,1.000934
20190418,0.014776742588031888,0.01167074,0.003106007231518798,3.084174,0.217601,0.236641,0.534868,0.622894
20190530,0.027370912968021185,0.02335637,0.004014542457235239,3.004676,0.115737,0.946885,0.48034,0.973477
20190528,0.028070742544570045,0.02376342,0.004307321332507539,2.995688,0.180367,1.02233,0.457558,0.965739
20190417,0.01778395834252107,0.01423731,0.003546652913172472,3.055321,0.271022,0.233244,0.5491189999999999,0.767587
20190618,0.033232870591267574,0.02911902,0.004113851082632649,3.022538,0.175051,0.927707,0.329171,1.005625
20190515,0.029961338980157813,0.025366999999999997,0.004594335193895319,3.016471,0.159727,1.19087,0.40886,0.966463
20190401,0.012051549513129492,0.00964726,0.002404294180965692,3.118593,0.110005,0.177153,0.44741,0.326496
20190411,0.010597999895570635,0.0101372,0.00046080211934706463,0.672389,0.09642,0.39891,0.34392399999999995,1e-05
20190410,0.020107695721825043,0.01850265,0.001605040752114625,2.377238,0.139191,0.353971,0.394652,0.001291
20190514,0.04038976332648959,0.03523561,0.00515415136712355,3.031136,0.259296,1.246616,0.408792,0.960775
20190512,0.04955684588770992,0.04548956,0.0040672891655432536,3.0413080000000003,0.152309,0.956936,0.290647,0.99257
20190402,0.04566056432656717,0.04437818,0.0012823883105414508,2.330117,0.000285,0.417429,0.149168,0.000314
20190516,0.039855290121981586,0.03506685,0.004788437133339324,3.010702,0.237368,1.145351,0.404741,0.967724
20190519,0.027663673659201755,0.02254129,0.005122378947957368,3.02641,0.270398,1.225485,0.344197,0.969077
20190408,0.04801528582044641,0.04588013,0.0021351575792263934,2.9377310000000003,-0.046187,0.598888,0.170605,1e-05
20190428,0.017223354079303914,0.01438144,0.002841911264420793,2.884614,0.214663,0.286512,0.495748,0.623743
20190415,0.02225684435025917,0.01967583,0.0025810125243948233,2.948076,0.155898,0.254284,0.542902,0.490242
20190427,0.01647812166523479,0.01422417,0.002253955991951596,2.891855,0.108573,0.284291,0.507895,0.353172
20190407,0.03099035243213832,0.02927826,0.0017120930190399988,2.615508,0.002429,0.54652,0.21254,1e-05
20190420,0.02016324764621441,0.01771287,0.0024503730424181194,1.370652,0.267766,0.250291,0.769403,0.838464
20190405,0.03307130771432085,0.03073958,0.0023317237944023078,3.133026,-0.003397,0.586431,0.15664,1e-05
20190513,0.0299437799407527,0.02447843,0.005465350541051236,2.9063060000000003,0.221991,0.768821,0.396451,1.592159
20190412,0.009021279868871024,0.00770132,0.0013199584924781349,0.841359,0.128789,0.356962,0.566463,0.7511399999999999
20190617,0.031523116167427666,0.02654986,0.004973260902699792,3.026854,0.192242,0.8295809999999999,0.384542,1.39113
20190517,0.022587884937662558,0.01715944,0.005428448362374277,2.915446,0.250778,1.139322,0.463503,1.259642
20190507,0.0259326102644628,0.02394251,0.0019901024845786373,0.606093,0.090775,0.427813,0.5381739999999999,1.166866
20190527,0.03904877926039192,0.03576255,0.003286231904258897,2.95874,0.083621,1.0736,0.462713,0.314261
20190422,0.015285828520547828,0.01339319,0.0018926401402619864,0.971191,0.205158,0.268029,0.8276290000000001,0.725457
20190508,0.032308760292772916,0.03173375,0.0005750078023442539,1.144401,-0.046772,0.449662,0.298338,1e-05
20190421,0.014459888712072896,0.01259153,0.001868356040529423,1.161574,0.206087,0.26576700000000003,0.7523989999999999,0.732837
20190403,0.06518450004310332,0.05962191,0.005562585634372162,5.0687190000000015,0.008916,0.636803,0.133751,1e-05
20190510,0.02449824107310137,0.02287957,0.001618669632800791,0.497499,0.145085,0.430695,0.655112,0.862556
20190416,0.019112614358496517,0.01658538,0.0025272326840246307,3.181743,0.135237,0.246302,0.508899,0.0007
20190424,0.010648107293480109,0.00964115,0.0010069591183873448,1.739385,0.044007,0.32770900000000003,0.524508,1e-05
20190520,0.02525703167422429,0.01977721,0.005479818919391902,2.883537,0.296112,1.095297,0.385322,1.261702
20190426,0.015276803670618509,0.01389366,0.0013831469333476034,0.69229,0.041422,0.35555,0.6614,0.840399
20190613,0.009871314847756257,0.00873523,0.0011360872360452244,1e-05,0.13761199999999998,0.545248,0.487182,0.641931
20190423,0.015143528978279619,0.01358309,0.0015604368328557925,0.762554,-0.000306,0.327925,0.840565,0.793759
20190611,0.011421783391246791,0.01031187,0.0011099163152310273,1e-05,0.111904,0.54073,0.55166,0.6228739999999999
20190524,0.015395116305466775,0.01239581,0.002999305629064959,1e-05,0.07241,0.787898,0.613112,1.39649
20190404,0.04517594561260184,0.03969343,0.005482513201272552,4.776722,0.183661,0.74406,0.167799,0.000977
20190608,0.01999522703076495,0.01856897,0.001426252137602333,1e-05,0.238813,0.530674,0.530936,0.540766
20190621,0.022407042757545275,0.01701245,0.005394592991901363,2.7969880000000003,0.226721,0.8535360000000001,0.471535,1.537879
20190414,0.02235515000714522,0.02031756,0.0020375909510986605,1.107038,0.207082,0.269111,0.685359,0.906377
20190607,0.020037000272057324,0.01875634,0.0012806561748051498,1e-05,0.17874600000000002,0.56489,0.5717760000000001,0.5613600000000001
20190626,0.05016463697519349,0.04465604,0.005508598060279132,3.02395,0.254177,1.353113,0.475638,0.988198
20190612,0.011929859373656692,0.01048424,0.0014456208936594285,0.6078060000000001,0.113556,0.515007,0.718021,0.679706
20190501,0.01200703468024547,0.01004567,0.001961369243672828,0.917061,0.250811,0.323934,0.62988,0.813894
20190629,0.03250834926972713,0.02709908,0.005409266761576118,2.993057,0.190236,1.355375,0.693196,0.96857
20190605,0.016714574291915574,0.01586779,0.0008467891976351933,0.8231129999999999,-0.011602,0.724162,0.430732,1e-05
20190505,0.011841346480834231,0.00864612,0.0031952273094147986,0.577026,0.08333099999999999,0.357444,0.985307,1.4002139999999998
20190609,0.015530495919366468,0.01423841,0.0012920873920569539,0.509037,0.119052,0.51877,0.668665,0.6182989999999999
20190413,0.015335519717896316,0.01327869,0.002056825107174811,0.6716409999999999,0.174986,0.318164,0.737071,1.007919
20190614,0.013058905315268014,0.01137666,0.0016822467928493815,0.663669,0.122223,0.502394,0.749972,0.793671
20190703,0.02111667118614368,0.01621048,0.00490618910736404,2.978349,0.202143,1.16324,0.658197,0.968043
20190603,0.0200864875974182,0.01835066,0.0017358310732753218,1e-05,0.106246,0.6927369999999999,0.5753119999999999,0.901155
20190506,0.017572685891602886,0.01730043,0.0002722545909842669,0.347974,0.020861,0.422913,0.07258099999999999,0.244054
20190529,0.020792562552684545,0.01786597,0.0029265943265100874,1.460935,0.207007,0.924704,0.34075300000000003,1.048818
20190724,0.03321042730897838,0.02791857,0.005291861768708125,2.994712,0.21347600000000005,1.29819,0.633446,0.977717
20190601,0.010569821755571241,0.00847436,0.0020954631506923467,1e-05,0.051536,0.742877,0.192941,1.216475
20190720,0.021852310496884672,0.01644513,0.005407185359724861,3.00946,0.190921,1.385082,0.5796479999999999,0.988363
20190425,0.008086966766499946,0.00665968,0.0014272826406007554,0.723047,0.152267,0.32765500000000003,0.73951,0.6607850000000001
20190722,0.03459978734985996,0.02960327,0.004996521048067614,2.99599,0.163852,1.236001,0.68028,0.97076
20190715,0.03755067418456813,0.03220353,0.005347147473870727,3.014417,0.215313,1.34504,0.531678,0.987113
20190610,0.009127932441771442,0.0062339,0.002894034119227805,0.431692,-0.014021,0.555937,0.878336,1.332012
20190602,0.017240485163476902,0.015294799999999997,0.001945680519853607,0.15592899999999998,0.022063,0.7406020000000001,0.415367,1.1022379999999998
20190604,0.009103539053980278,0.00703418,0.0020693584838163987,0.524305,0.114206,0.780776,0.202263,1.110598
20190723,0.04384244799764949,0.03883975,0.005002695953973732,3.016344,0.115817,1.330857,0.578789,0.970935
20190615,0.013259768258239943,0.01034411,0.002915662353631764,0.504731,0.105843,0.528374,0.913515,1.280233
20190716,0.02435962005792684,0.01915142,0.0052081954277261935,2.991686,0.214566,1.258038,0.64933,0.976466
20190725,0.026892514824467462,0.02154884,0.005343671543736573,2.986648,0.240725,1.260014,0.6471439999999999,0.986782
20190616,0.018932870340198613,0.01505069,0.003882182244421764,1.565556,0.113206,0.724953,0.320734,1.623393
20190502,0.01731416689353368,0.01623001,0.0010841554121068034,0.615101,0.13206800000000002,0.344886,0.60714,0.588643
20190504,0.015630464830047413,0.01280635,0.002824117811700556,0.777446,0.200705,0.337713,0.8581610000000001,1.204126
20190525,0.01174391257046814,0.00845481,0.0032891039442313925,1e-05,0.093728,0.780918,0.8945379999999999,1.338366
20190511,0.04766780036757405,0.04541973,0.0022480659270472875,0.786982,0.08266,0.573871,0.231824,1.293368
20190430,0.00801555118467588,0.00549865,0.002516900138055498,0.6346649999999999,0.084511,0.339458,0.862442,1.227144
20190619,0.034405400605134764,0.03267255,0.0017328464918022581,0.74144,0.192255,0.76875,1e-05,0.813821
20190806,0.020661767976992988,0.01561395,0.005047815341531621,2.962207,0.224648,1.134923,0.739825,0.976125
20190704,0.01893729854909116,0.01324507,0.005692232858118342,2.811311,0.241952,1.146756,0.675438,1.324713
20190503,0.010918002159563338,0.00941075,0.0015072509364234222,0.683559,0.050819,0.365112,0.636808,0.92149
20190620,0.030453864521639725,0.02864291,0.001810950191795941,0.294956,0.181263,0.687649,1e-05,0.996056
20190813,0.026551724516243304,0.02130988,0.005241840844935253,2.942524,0.322439,0.739499,1.002331,0.958622
20190606,0.014461012455134602,0.01288945,0.0015715604915664619,0.002541,-0.010913,0.650044,0.003324,1.071354
20190721,0.057841999581301325,0.05157693,0.006265072416779597,4.185803,0.162957,1.457292,0.609617,9e-05
20190521,0.020915804186222527,0.01821969,0.0026961124806768075,0.740258,0.239243,0.92923,1e-05,1.072696
20190523,0.01986162352949928,0.01760337,0.002258254136930961,0.6565270000000001,0.187862,0.8487459999999999,1e-05,1.048216
20190522,0.018642236449859642,0.01588922,0.002753020001626942,0.669928,0.262066,0.884308,1e-05,1.09292
20190825,0.010346969248244657,0.00689204,0.003454929733186948,1e-05,0.014348,0.7512439999999999,0.598284,1.590773
20190910,0.009966043406576013,0.00585358,0.004112460288650807,2.986542,0.235774,0.477756,0.772594,0.973411
20190622,0.02660319203367789,0.02280167,0.003801525083718045,0.8982110000000001,0.29449000000000003,1.184697,1e-05,1.170222
20190518,0.02695752235150787,0.0243107,0.002646821603221513,0.97334,0.15933,1.087909,1e-05,1.009919
20190718,0.04342288463699232,0.03616965,0.00725323607876827,4.50536,0.147597,1.512657,0.582187,0.5904739999999999
20190829,0.027971180621053457,0.02658971,0.0013814741602754185,1.561828,0.047327,0.769057,0.528929,4.8e-05
20190526,0.02279233697784344,0.02080064,0.0019916949706270427,0.232516,0.240227,0.7552479999999999,1e-05,0.912904
20190711,0.04167528969329734,0.03843509,0.0032401965883655627,2.563589,-0.025755,1.223256,0.650237,0.001337
20190909,0.011268688359379076,0.00759827,0.003670417871023575,2.9563770000000003,0.231107,0.496004,0.733637,0.7771979999999999
20190719,0.042091728420840205,0.03427732,0.007814407732552509,4.8588809999999985,0.032182,1.634203,0.641629,0.000441
20190429,0.015024443513038829,0.0129719,0.002052541969065489,0.704825,0.186207,0.345794,0.697032,1.000515
20190823,0.008537147940016927,0.00548338,0.003053772676128059,1.00462,0.250252,0.731885,1.012291,0.815643
20190509,0.018377099596052448,0.01580356,0.0025735437319228467,0.510202,0.06820599999999999,0.420586,0.738084,1.324123
20190827,0.009927368771971515,0.00800158,0.0019257890291670228,1e-05,0.17008800000000002,0.699459,0.606464,0.882863
20190901,0.016262244191625436,0.01442097,0.001841274996155229,2.151104,0.047882,0.6454479999999999,0.690142,6.3e-05
20190830,0.017997849395385318,0.01558353,0.00241431726910792,0.908459,0.216693,0.6295430000000001,0.873633,0.7874899999999999
20190831,0.01893819472312252,0.01689569,0.0020425021060608557,0.749727,0.177326,0.642937,0.833217,0.7127560000000001
20190824,0.024979293494766283,0.02207106,0.002908236848647912,1.461814,0.198917,0.706471,1.05132,0.693399
20190902,0.016563354202859544,0.01448142,0.0020819385796629073,0.832393,0.161846,0.615842,0.8668790000000001,0.742079
20190623,0.022187167199174768,0.01948705,0.002700116145330192,0.074959,0.159372,1.021908,0.01743,1.183384
20190903,0.01615514780732953,0.01396278,0.0021923696148007667,0.508147,0.234777,0.660225,0.7701479999999999,0.748664
20190925,0.028084450037230268,0.02427765,0.0038068021013443185,2.998378,0.162113,0.750888,0.449403,0.990023
20190730,0.025538164669338732,0.02373021,0.0018079506526870754,0.366421,0.153695,0.997262,0.00809,0.741807
20190913,0.02343567600127245,0.01988119,0.003554489624815242,3.040789,0.191452,0.408745,0.886194,0.621496
20190812,0.025757156068974503,0.02208257,0.003674584749437713,1.475326,0.260239,0.806503,1.1089790000000002,0.8256760000000001
20190731,0.020932271232088247,0.01904941,0.001882864053085612,0.4285890000000001,0.162133,1.0001639999999998,0.008126999999999999,0.7634529999999999
20190914,0.03158990382548954,0.02815655,0.003433356426916132,3.180452,0.157372,0.35688400000000003,0.897642,0.479078
20190916,0.0241834727715266,0.02083877,0.003344698021924724,2.990699,0.18715,0.416094,0.814867,0.606999
20190822,0.00888860240573382,0.00585405,0.003034550309348654,0.846992,0.229201,0.77644,1.020344,0.849577
20190811,0.02788753843087189,0.02409506,0.003792481256140408,1.213095,0.280988,0.8491799999999999,1.098191,0.8840180000000001
20190531,0.009113964973126313,0.00714904,0.0019649295993236287,0.500668,0.165395,0.8121470000000001,0.091079,0.986591
20190926,0.059111723131201235,0.05542693,0.0036847916897216814,3.025415,0.086252,0.8405729999999999,0.328545,0.982479
20190908,0.010306933879856052,0.00788104,0.002425897892032241,1.584879,0.17607799999999998,0.519154,0.881973,0.752394
20190826,0.012335053841235795,0.01064567,0.0016893799572404884,0.30157,0.169994,0.753857,1e-05,0.902169
20190816,0.011508906040096807,0.00920966,0.0022992490056028226,1e-05,0.219122,0.839239,0.6414949999999999,0.8386110000000001
20190917,0.017996038932988342,0.0145532,0.003442838459209889,2.863246,0.230221,0.4613140000000001,0.776262,0.676602
20190708,0.013747352607375876,0.01047456,0.0032727938044355203,0.638742,0.267801,0.917532,0.965201,0.8369840000000001
20190915,0.02981334049452972,0.02658401,0.003229330354194508,3.162906,0.12383800000000003,0.378099,0.893336,0.366294
20190905,0.010459295212623605,0.00813973,0.002319561642656889,0.683771,0.23036,0.618434,0.878616,0.735504
20190920,0.019600092371465042,0.01545336,0.004146736507396807,3.0558240000000003,0.279278,0.401218,0.8165060000000001,0.8194530000000001
20190907,0.011655512094984444,0.00926077,0.002394743432529143,1.3789280000000002,0.201465,0.550032,0.8312120000000001,0.784299
20190820,0.011429657731684924,0.00825294,0.00317671797483924,1.621626,0.180868,0.767465,1.155574,0.6319
20190828,0.0155879150258887,0.0142563,0.0013316174841384947,1e-05,0.182126,0.694179,1e-05,0.719746
20190625,0.023302210538044595,0.02098473,0.002317483957041687,0.156614,0.212078,0.93689,0.070703,0.989972
20190821,0.011768063663175272,0.00857042,0.0031976400697585183,0.788501,0.25085,0.766475,0.999726,0.925795
20190815,0.0399943016513766,0.03769819,0.002296114911310228,1.003859,0.196283,1.047132,1e-05,0.7828229999999999
20190624,0.01562472587125375,0.01305163,0.002573096947393375,0.151135,0.256298,0.910593,0.065139,1.038373
20190906,0.017270240230060217,0.01485506,0.002415182684409572,1.118388,0.209134,0.586705,0.937504,0.710296
20190923,0.013551003269958029,0.01006217,0.0034888326336479144,3.031298,0.185558,0.412003,0.795676,0.709871
20190702,0.015706592576211466,0.01208585,0.0036207461637383174,1.6812490000000002,0.234206,1.2221959999999998,0.367604,0.93702
20190728,0.02096553447557248,0.018507,0.0024585326514917787,0.337537,0.201058,1.028529,1e-05,0.986727
20190707,0.01875036162320898,0.01642917,0.0023211887053411753,0.035592,0.209224,0.94852,1e-05,0.991715
20190911,0.010833063264796015,0.00744899,0.003384068979376062,1.924304,0.26375,0.471876,0.8785040000000001,0.976423
20190818,0.023116602623132712,0.021116,0.0020006023695106137,0.191504,0.16995,0.8975879999999999,1e-05,0.948038
20190904,0.011884005958326279,0.00971455,0.002169454166477021,0.73447,0.21756,0.621304,0.813629,0.735004
20190928,0.022127323366298315,0.01982828,0.0022990385165313127,2.331615,-0.051412,0.829463,0.705203,0.0004860000000000001
20190817,0.02477346403716196,0.02296106,0.001812405211757459,0.487786,0.17513900000000002,0.950921,1e-05,0.7441989999999999
20190819,0.016447519498272414,0.0143847,0.0020628196447000733,0.027886,0.196673,0.86524,1e-05,0.962923
20190921,0.016565644079069682,0.0113668,0.005198842264706993,3.943671,0.256783,0.331887,0.783559,0.839551
20190706,0.012829100703848472,0.010617200000000002,0.002211899852565861,0.040349,0.196805,0.93916,1e-05,0.970684
20190922,0.017405860518597775,0.01405164,0.0033542214892475822,3.468002,-0.116748,0.374618,0.8198620000000001,1e-05
20190729,0.015970419129969146,0.01431286,0.0016575599161975669,0.007156,0.132181,0.943374,0.003503,0.769976
20191002,0.021314797137724814,0.01857324,0.002741552272284807,2.555084,-0.034234,0.688334,0.974852,0.000136
20190802,0.013073530811924805,0.01086905,0.0022044806599739574,0.133661,0.226199,0.942109,0.013404,0.895264
20190930,0.01792045031469451,0.01650345,0.0014169953389978267,1.297583,-0.061621,0.8417389999999999,0.577715,0.00013000000000000002
20190630,0.030290229763334658,0.02785607,0.0024341549597690013,0.316674,0.238871,1.06217,0.051035,0.8442120000000001
20190808,0.013421824252572215,0.01128738,0.0021344417626782946,1e-05,0.250668,0.947259,0.001006,0.780253
20190801,0.013363808835909343,0.01111724,0.002246572244142136,0.485131,0.20701,0.953133,0.020441,0.928487
20190929,0.04490002083930975,0.04341118,0.001488837607339807,1.296877,0.110992,0.885911,0.494396,0.000172
20190927,0.02528161942027331,0.023323,0.0019586201396354407,1.549759,-0.135054,0.957705,0.24846,0.562975
20191006,0.03098553266890328,0.02692977,0.004055766143635085,3.2421830000000003,-0.171602,0.514954,1.079068,0.4789350000000001
20191003,0.0286146566607234,0.02562642,0.002988236513620109,2.720542,-0.103496,0.636496,0.997861,0.000686
20190705,0.02123485818912175,0.01872855,0.002506306965545375,0.280589,0.245856,1.0209,0.019203,0.918424
20191030,0.015750472026268558,0.01142853,0.0043219468624261055,2.976853,0.26284,0.513097,0.8250190000000001,0.956474
20191001,0.019945515790158658,0.01776454,0.0021809746284676174,2.056365,-0.039842,0.7739050000000001,0.8487899999999999,1e-05
20191031,0.02350230771791356,0.01949416,0.004008147309448032,2.9927740000000003,0.240796,0.471095,0.733866,0.936211
20191010,0.026415625772200642,0.02209519,0.004320434478102949,3.847961,-0.084174,0.421988,1.053635,1e-05
20190918,0.015342995212833931,0.01249437,0.002848622695847268,1.6889299999999998,0.251941,0.456328,0.892805,0.798778
20190912,0.0071164577667007485,0.00367565,0.003440804123721513,0.924431,0.210251,0.49327,1.177732,1.0942889999999998
20191103,0.031252086829492744,0.02696304,0.00428905047028448,3.014405,0.293448,0.385351,0.766097,0.935525
20191026,0.02760409833117438,0.02360336,0.0040007344810681755,2.986783,0.166642,0.8439030000000001,0.52023,0.977778
20190628,0.04120366340151623,0.03215457,0.009049095985198893,5.190174,0.177129,1.615274,0.8140000000000001,0.275795
20190712,0.018351954272023144,0.01603177,0.0023201818884562467,0.56753,0.184643,1.097389,0.141878,0.8309280000000001
20191009,0.026995178896480117,0.02339123,0.0036039513768818727,3.343283,-0.054538,0.462879,1.054602,0.110715
20191108,0.01988235130728709,0.0160285,0.003853854142663206,2.993417,0.205236,0.262455,0.792617,0.97129
20191105,0.023223270231853752,0.0190902,0.00413307143678502,3.010288,0.267831,0.366375,0.7614529999999999,0.943043
20190726,0.012096186457109621,0.009720399999999999,0.002375789637345632,0.182379,0.160044,1.052405,1e-05,1.002716
20191114,0.03103583343649035,0.0271045,0.003931335226789487,2.982744,0.2376,0.285716,0.7850020000000001,0.943178
20190727,0.014753790615262325,0.01281454,0.0019392549768277847,1e-05,0.193574,0.958952,1e-05,0.803092
20191107,0.028216588699985636,0.02444459,0.003772002909132439,2.99266,0.203709,0.343612,0.73525,0.952452
20190809,0.01961538435284977,0.01705266,0.002562721216050428,1e-05,0.316016,0.879391,0.000537,0.88923
20191016,0.02103518656682401,0.01734788,0.003687308736973018,3.598804,0.013379,0.376871,0.976321,0.002731
20191020,0.02200234314447421,0.01808445,0.0039178956688377285,3.877112,-0.001106,0.326283,0.897231,0.000132
20191106,0.021017461273215736,0.01691779,0.004099666735390196,3.000457,0.267412,0.373434,0.739373,0.947576
20190701,0.013667807103767856,0.0118876,0.0017802089247550344,0.208897,0.180336,1.005455,0.031462000000000004,0.659047
20191024,0.025256678205363457,0.02320426,0.002052416222090725,2.118345,-0.039465,0.399759,0.982102,0.122608
20190814,0.017566473107090027,0.01568824,0.0018782283005994267,0.019652,0.224577,0.81624,0.002289,0.84116
20191025,0.01921757148221781,0.01536824,0.003849331799712032,3.860421,0.003752,0.229596,0.903275,1e-05
20190919,0.009669872014165342,0.00686139,0.002808482605825725,0.615434,0.201687,0.51702,1.096457,0.925434
20190713,0.0143555147640969,0.01256765,0.0017878624249589605,0.287568,0.147545,1.029598,0.006215,0.702507
20190627,0.03985388573599242,0.03551671,0.0043371794125792226,0.587721,0.270047,1.545811,1e-05,1.072059
20191022,0.02427103695799333,0.02097002,0.003301012906005037,3.430655,0.008564,0.32677399999999995,0.916302,0.003135
20191120,0.020815457657648403,0.01669336,0.004122093082240529,2.998664,0.247411,0.27678800000000003,0.824717,0.97714
20190810,0.018782206141282117,0.01658909,0.002193120698009985,1e-05,0.274413,0.914801,0.0006490000000000001,0.7766810000000001
20191013,0.029489975328899607,0.02549057,0.003999410245614012,3.604032,-0.092662,0.419722,1.067508,0.000445
20191102,0.033413595661598634,0.02999398,0.0034196112387049125,3.135616,0.20875,0.401733,0.7234229999999999,0.5767979999999999
20190805,0.032274901852617166,0.03021322,0.002061677070830343,0.859217,0.153205,1.110056,0.116501,0.658416
20190924,0.01679984066142841,0.01469923,0.0021006106567810663,1.119556,0.163598,0.503223,0.928684,0.683081
20191202,0.020927120335489338,0.0164557,0.0044714182868668935,2.993224,0.333274,0.341285,0.7064819999999999,0.976337
20191203,0.02145446868975659,0.01708653,0.00436793486633063,2.990242,0.31772399999999995,0.327965,0.7193649999999999,0.97216
20191017,0.02206214195107356,0.01808484,0.00397729929062435,3.86152,-0.001744,0.361496,0.929689,3.3e-05
20190709,0.014721529468745215,0.01190896,0.0028125646319680326,0.411419,0.26468,1.064499,0.028662,0.971688
20190714,0.015522814883403185,0.01308066,0.002442151058930685,0.6037100000000001,0.183193,1.074716,0.124775,0.929019
20191015,0.024074536377410343,0.02031848,0.0037560603496361454,3.632721,0.010944,0.369097,0.989595,0.000365
20191130,0.024727026729913275,0.02115973,0.0035673011575748873,2.990694,0.118778,0.314056,0.77449,0.968969
20191021,0.02323319622551655,0.01949259,0.0037406043902280224,3.721164,-0.013178,0.32671100000000003,0.928824,0.0006
20190710,0.020821086151524275,0.0180456,0.002775489603172628,0.527485,0.236197,1.12801,0.069515,0.940591
20191005,0.03621207829785978,0.02875491,0.007457167421771486,4.9844339999999985,-0.261328,0.459802,1.029317,0.731035
20191101,0.019537776483582858,0.01638507,0.003152706167606157,3.138586,0.14790899999999998,0.437708,0.758143,0.44432
20191204,0.02037752191229424,0.01567603,0.0047014885402259475,2.991531,0.358214,0.313391,0.758247,0.977401
20191208,0.01787882567922553,0.01373011,0.004148715212460915,3.0017720000000003,0.276871,0.28497,0.751055,0.96681
20191004,0.027629567767666167,0.02170222,0.0059273459871869326,4.340596,-0.215735,0.518533,1.018602,0.622376
20191212,0.030522676952654364,0.02624298,0.004279692418083428,3.005065,0.308528,0.293472,0.740777,0.941722
20190807,0.010322548693334413,0.00801781,0.0023047368426854877,0.255445,0.206841,1.049124,1e-05,0.87361
20191210,0.019906942385180718,0.01566273,0.004244217126636313,2.997359,0.29693200000000003,0.298524,0.730579,0.970996
20191018,0.023073825691099042,0.01899444,0.004079382859919153,3.94283,-0.007049,0.33350100000000005,0.926542,1e-05
20191116,0.028216311768136375,0.02237803,0.0058382863602520685,4.216462,0.263114,0.228488,0.745776,0.990906
20190803,0.013370481962974785,0.01117262,0.0021978571340108355,1e-05,0.252983,0.88141,1e-05,0.883726
20191220,0.0172473245342983,0.01338495,0.0038623698358968782,2.99145,0.202545,0.307371,0.7782319999999999,0.980942
20191117,0.034951695932792806,0.03148822,0.003463474524948493,3.597495,0.06308899999999999,0.215866,0.863092,0.209171
20191222,0.029150057636140043,0.02492817,0.004221887413665661,2.986685,0.267312,0.231262,0.852433,0.971157
20190717,0.05869057193887973,0.04690047,0.01179010228086585,6.32174,0.151952,1.80685,0.549201,2.2e-05
20191023,0.0229988151714712,0.01949577,0.0035030482196144303,3.5839769999999995,0.000573,0.316258,0.913247,0.005302
20191221,0.01684537624160244,0.0129306,0.00391478055105134,2.998318,0.203765,0.29025300000000004,0.817803,0.973935
20191129,0.024498059072709008,0.02137049,0.003127570151892751,3.021489,0.175683,0.319606,0.704041,0.628668
20191019,0.024330158213385068,0.01795189,0.006378266444186685,4.760106,-0.213234,0.325851,0.895759,0.695195
20191223,0.016657808872894017,0.01279736,0.003860444493098473,3.018845,0.163597,0.225425,0.8898719999999999,0.963032
20191011,0.026887783594569423,0.02280811,0.004079669125922479,3.684134,-0.04474,0.4235390000000001,1.079675,1.8e-05
20191207,0.012690991308226185,0.0080105,0.004680494218153709,2.918529,0.286506,0.304672,0.716648,1.244857
20191206,0.020078801710158536,0.01532141,0.004757396295626181,3.00913,0.323804,0.309677,0.694878,1.148554
20191007,0.0236256628144787,0.01829103,0.005334628183371989,4.021818,-0.201969,0.512013,1.039444,0.590853
20190804,0.008569025098484928,0.00657064,0.001998388617860793,1e-05,0.157224,0.8765270000000001,1e-05,0.991411
20191113,0.02468189011345968,0.02106685,0.0036150408339066437,3.842302,0.036202,0.261248,0.762252,0.000152
20191123,0.021261117302223933,0.01839246,0.00286865889928766,2.850359,0.144081,0.373659,0.745208,0.584124
20191110,0.024277987978969025,0.01802307,0.0062549152369063285,4.675822,0.25295,0.238976,0.700418,0.8335
20191115,0.023059640448989404,0.01589726,0.007162383406311316,4.516671,0.342469,0.221508,0.7062510000000001,1.166881
20191104,0.029663166632354108,0.02391159,0.005751575549999689,4.266358,0.282355,0.365971,0.7028260000000001,0.8282930000000001
20191109,0.02764463921334426,0.02537047,0.0022741709081874925,2.7981990000000003,0.027656,0.28538600000000003,0.786824,0.001074
20191209,0.02205540165342637,0.01800835,0.004047051294643337,3.2370970000000003,0.271413,0.292205,0.729479,0.772734
20191215,0.03353351291061895,0.02991308,0.003620435171632207,3.1166,0.213921,0.24785,0.777461,0.7445109999999999
20191216,0.026228397099877003,0.0226609,0.0035674944767770983,3.248132,0.189973,0.2519,0.780984,0.650489
20191029,0.01715744677457999,0.01383617,0.0033212813770180016,1.427466,0.305251,0.604087,0.849015,0.946687
20191227,0.021887798012155932,0.01799798,0.0038898164778965695,3.200267,0.218672,0.227787,0.867308,0.747791
20191008,0.02672314298283003,0.02005373,0.006669409684120553,4.688283,-0.237297,0.458021,1.010597,0.692257
20191111,0.01932736231818353,0.0134016,0.005925759362740614,4.492212,0.258253,0.275742,0.699942,0.810474
20200107,0.02328691909787356,0.018704,0.004582917140569525,3.006202,0.265658,0.27403,1.032842,0.96326
20191014,0.02491735151802601,0.01842981,0.006487545174732125,5.211774,-0.02394,0.344912,0.933502,0.242704
20191124,0.016192560912147012,0.01331864,0.00287391886078899,1.7675759999999998,0.153811,0.375131,0.857672,1.0659040000000002
20191225,0.017974037370846758,0.01387681,0.004097227332736665,2.701734,0.228405,0.243798,0.8952049999999999,1.120195
20191112,0.02510234102281944,0.02113014,0.003972203824593908,4.0982660000000015,-0.000822,0.256826,0.739649,9.2e-05
20191213,0.02339775343762273,0.01724511,0.006152644389442132,4.492813,0.280636,0.247774,0.671625,0.903069
20200109,0.02467345541284485,0.02023992,0.004433535045581128,2.990998,0.249407,0.322707,0.988731,0.969823
20191226,0.01962516438162094,0.01567048,0.003954689000875578,2.286726,0.281793,0.258414,0.988597,1.034742
20191118,0.028485716583958175,0.02475363,0.0037320894436082695,3.898254,0.007719,0.226664,0.800525,0.000324
20191211,0.02258776875740913,0.01657329,0.006014482056220765,3.881146,0.351731,0.284154,0.660341,1.117088
20200119,0.017445121432845052,0.0133672,0.004077923175267067,2.988604,0.257033,0.339986,0.7650399999999999,0.964383
20191230,0.027575431294556682,0.02141298,0.006162452769236775,4.211022,0.25913800000000003,0.213452,0.85387,1.081541
20191229,0.02735253338446269,0.02366975,0.003682780300939764,3.76423,0.047004,0.195696,0.887978,1e-05
20191128,0.020313932990607804,0.0174679,0.0028460350410642768,1.101796,0.256623,0.45786,0.8300629999999999,1.022766
20200117,0.015477163738815915,0.01133945,0.004137715001893522,2.975258,0.270562,0.349855,0.74284,0.980324
20200130,0.02350536784810613,0.01962726,0.003878112124039315,2.995478,0.247491,0.314573,0.6841,0.950824
20191027,0.02055289288874993,0.01736416,0.0031887337664594463,1.29906,0.245304,0.7005560000000001,1.005414,0.8647819999999999
20200129,0.017552229545742138,0.01335718,0.004195050819098682,2.999125,0.298322,0.316959,0.680363,0.970972
20191127,0.024319789542050874,0.02172843,0.0025913603090407,0.7255729999999999,0.115229,0.5079899999999999,0.8957579999999999,1.137038
20191224,0.02238916608626024,0.01955832,0.0028308477148033377,1.950037,0.175858,0.25292600000000004,1.0752959999999998,0.735408
20191201,0.011526533163933069,0.00818365,0.003342887799841249,1.406665,0.212194,0.36245,0.944212,1.214075
20200202,0.024318325555888733,0.02053304,0.003785287919313881,3.003542,0.233042,0.284624,0.666842,0.955122
20191231,0.023542940142302998,0.01861703,0.0049259066700693705,4.490776,0.095168,0.202965,0.8721969999999999,0.000124
20200131,0.022632426308244424,0.01845149,0.0041809340038750035,2.989225,0.306393,0.301389,0.661269,0.962787
20191119,0.02327023293580057,0.01782195,0.005448286525351035,4.306993,0.211265,0.228529,0.76858,0.805593
20200104,0.03558365461278551,0.02855678,0.007026871552427029,5.551444999999998,0.082397,0.189721,0.8549829999999999,0.16817
20191121,0.034131209536141134,0.03137959,0.002751621853009526,1.856736,0.176063,0.313098,1.030874,0.769035
20200105,0.03108129985825278,0.02419671,0.00688459439896676,5.172301,0.205693,0.190772,0.8623430000000001,0.575264
20200216,0.05012405980319405,0.04606230000000001,0.004061761954275685,2.997702,0.287288,0.301629,0.696421,0.929082
20200206,0.023444748911733492,0.01906066,0.0043840896707486345,2.998598,0.332042,0.313671,0.688851,0.954121
20191126,0.014893956309910637,0.01268827,0.0022056816794005173,1.012769,0.161715,0.484794,0.8554430000000001,0.878758
20200207,0.03038812283411213,0.02614244,0.0042456835493280545,2.998007,0.321429,0.303184,0.6617689999999999,0.94077
20200101,0.02404459339639855,0.0183368,0.005707791201740338,4.961913,0.065214,0.205345,0.83605,1e-05
20191214,0.026487463410055864,0.02005669,0.006430771211235857,4.376704,0.290076,0.227661,0.705516,1.099383
20200102,0.02773267789994906,0.02243341,0.005299263129094606,3.966374,0.257618,0.225007,0.8561219999999999,0.839996
20200213,0.033790316545011564,0.02961486,0.004175460667175682,2.993462,0.308091,0.332732,0.652559,0.947392
20200223,0.027097508211384333,0.02324138,0.003856128737357907,3.00796,0.269067,0.25588,0.597791,0.948561
20191218,0.025063960580259555,0.02187401,0.0031899521747562306,0.995926,0.136778,0.419368,1.008051,1.269827
20200210,0.03111812206814608,0.02688273,0.004235394775500475,2.99948,0.313325,0.283567,0.67513,0.958165
20200225,0.02601993695554216,0.02181936,0.004200574368607933,3.000746,0.323792,0.268985,0.5796,0.97107
20200103,0.027769840170282632,0.02232731,0.005442533371341456,4.821166000000002,-0.000961,0.216178,0.8643280000000001,1.5e-05
20200111,0.024486848671282816,0.01932031,0.00516654325505446,3.737235,0.282216,0.270172,0.922457,0.807946
20191205,0.025402966602436745,0.022838,0.00256496396090106,1.580357,0.22208200000000006,0.372456,0.8554,0.8377469999999999
20200209,0.032525262151459934,0.02814837,0.00437688742118861,3.002148,0.331029,0.295496,0.69416,0.953589
20191228,0.027505243203100847,0.02073047,0.006774775973063646,5.5273900000000005,0.039631,0.190054,0.781503,0.042359
20191012,0.029326873770489138,0.02348415,0.005842721177357168,4.850258,-0.017748,0.402555,0.984817,0.051547
20200229,0.020539891071469085,0.01662826,0.003911629563069589,2.992139,0.27329200000000003,0.27833600000000003,0.600572,0.967476
20191122,0.01917447580000444,0.01611133,0.0030631472802774857,0.394292,0.127532,0.623367,0.901717,1.291406
20200304,0.028225034650426525,0.02422999,0.003995040723125442,3.0097240000000003,0.271644,0.267968,0.686654,0.949815
20200301,0.024886765329769658,0.02104617,0.003840594527576065,2.996889,0.24808,0.279567,0.649241,0.963959
20200303,0.02231563474096406,0.01847891,0.003836721804283472,3.002059,0.258208,0.275478,0.61152,0.957962
20200219,0.026087296548813702,0.02116939,0.004917903986339157,3.072377,0.363175,0.307494,0.641266,1.097848
20200218,0.03161348247953045,0.02773909,0.0038743902870364295,3.113393,0.277805,0.284102,0.6646479999999999,0.80095
20200114,0.02219966792295449,0.01893775,0.0032619181605442037,3.055981,0.164253,0.313017,0.839111,0.567659
20191219,0.044704257247377366,0.04307427,0.001629982831359385,1.395487,0.090177,0.373952,0.974157,0.265264
20200302,0.02364024215082081,0.019897,0.003743243335677825,2.999567,0.243469,0.297648,0.596841,0.951933
20200201,0.02264536916264361,0.01907022,0.0035751483638548865,3.178219,0.228926,0.271059,0.659824,0.72251
20200220,0.01851056078191194,0.01421846,0.004292102194795484,2.860951,0.301159,0.366486,0.605703,1.116664
20191028,0.020041590368725614,0.01797837,0.0020632208227112595,0.3645,0.231616,0.777664,0.027536,0.945869
20200106,0.02727255914491023,0.02079889,0.006473672205449696,4.795712,0.213047,0.209518,0.8689520000000001,0.788058
20191125,0.008793987179937264,0.00556267,0.0032313209758427714,0.739671,0.132624,0.514749,0.996331,1.2993709999999998
20200305,0.02393349271043844,0.01972332,0.004210172214997711,2.981835,0.310173,0.264652,0.672091,0.973698
20200214,0.049935214076758286,0.04657686,0.0033583530372322022,3.081551,0.222393,0.297694,0.682819,0.640088
20200112,0.026109697302448533,0.01922594,0.006883760022553788,4.109873,0.373672,0.285702,0.8515379999999999,1.141271
20200120,0.020234698709873447,0.01323692,0.006997780907696072,4.6690010000000015,0.32016100000000003,0.28373400000000004,0.7053010000000001,1.01729
20200123,0.027003635413268025,0.020093299999999998,0.006910340016424458,4.803764,0.29220300000000005,0.228903,0.652673,0.981279
20200125,0.02498512925442873,0.01701246,0.007972670227403673,5.135203,0.326475,0.228777,0.643163,1.080161
20200215,0.05563319194360514,0.0528885,0.002744688519136315,3.0007740000000003,0.149828,0.28183600000000003,0.669763,0.437333
20200113,0.0194594870521677,0.01355948,0.005900011403026816,4.562312,0.236352,0.281708,0.771415,0.709936
20200121,0.02123701328356182,0.0131269,0.00811011563304525,5.067247,0.352928,0.246311,0.663944,1.107992
20200118,0.01882935148319604,0.01349861,0.0053307378631309394,4.043949,0.26631900000000003,0.303996,0.727422,0.853941
20200110,0.022665732854968236,0.01429943,0.00836630149660323,5.10264,0.31389,0.222482,0.883885,1.158834
20200124,0.022529512408610487,0.01490644,0.007623077001038568,5.11224,0.309335,0.234199,0.6375649999999999,0.988866
20200221,0.030289234479165705,0.0235493,0.006739938079457082,4.937967,0.27551,0.248871,0.601939,0.824566
20200403,0.04235315803020023,0.03715035,0.005202808339805035,2.9436720000000003,-0.257368,0.826491,1.182517,0.8520260000000001
20200128,0.019485225712728302,0.01230392,0.007181302802392444,4.531062,0.367143,0.278797,0.640216,1.113399
20200405,0.04840347038424672,0.04305714,0.005346333601071744,2.97133,-0.243649,0.733507,1.336458,0.81411
20200127,0.02319522090901715,0.01549507,0.007700155193036695,5.2034400000000005,0.306446,0.216336,0.6434880000000001,0.940758
20200122,0.02322861210825556,0.015030600000000002,0.008198014411998638,5.166154,0.333386,0.252827,0.673353,1.109682
20191217,0.021514780346137945,0.01823269,0.0032820884458590284,1.169233,0.158369,0.36969,1.099155,1.188717
20200222,0.030548329953088094,0.02492603,0.005622301991839157,4.271884,0.276145,0.240467,0.585631,0.8995299999999999
20200203,0.022368732937929698,0.01658407,0.005784660598457319,4.468629,0.265067,0.269985,0.599238,0.810154
20200224,0.030532624323831307,0.02517285,0.005359779122351497,4.203743,0.265932,0.243743,0.5654359999999999,0.8597440000000001
20200321,0.03685254792949757,0.03029452,0.006558027999892286,3.020788,-0.16438699999999998,1.785419,0.621,0.943081
20200126,0.023477542017796338,0.01613067,0.007346876139304962,5.073323,0.288038,0.225666,0.662957,0.937582
20200308,0.024668543215436125,0.01871467,0.005953876622575095,4.364351,0.303827,0.217019,0.6313409999999999,0.8806649999999999
20200420,0.02688199988565316,0.02200593,0.004876071956169721,3.023435,-0.26432,0.471503,1.141981,0.907057
20200217,0.03835029936334946,0.03302752,0.005322783638852018,4.2826900000000006,0.247902,0.269772,0.643039,0.7440869999999999
20200208,0.03423499868079477,0.02652882,0.007706174185084885,4.921276,0.3611,0.270826,0.618758,1.049877
20200227,0.018005985226445746,0.01556812,0.0024378606615848807,0.98065,0.272513,0.371498,0.657361,0.965793
20200116,0.01784201161471783,0.01471021,0.00313180168706657,2.034454,0.239136,0.360996,0.821311,0.962949
20200108,0.029591489550072743,0.02555112,0.004040367698277671,1.287753,0.275399,0.439842,1.262186,1.078744
20200204,0.022078693936152118,0.01602392,0.006054770349239874,4.444557,0.28642,0.265254,0.604024,0.921078
20200408,0.044031695818682916,0.03866343,0.00536827001717643,2.960912,-0.2707,0.7587010000000001,1.25399,0.856719
20200211,0.03968912019268533,0.03446489,0.005224233338579329,4.884093,0.012739,0.214012,0.637131,1e-05
20200115,0.024082554646680614,0.02122737,0.002855186435738551,1.207674,0.249745,0.401884,0.915421,0.96967
20200312,0.10889509951164976,0.08944468,0.019450418172882032,2.635554,0.339829,1.406709,1e-05,3.863615
20200205,0.0249744614162107,0.01851552,0.006458937107874092,4.8689860000000005,0.255179,0.256836,0.616133,0.7879010000000001
20200331,0.040773799236327006,0.03688762,0.003886182790428464,2.888923,-0.067021,0.8057850000000001,1.2232809999999998,0.162428
20200429,0.0214553976705811,0.01702851,0.004426888834260505,2.982913,-0.290241,0.497916,0.8270799999999999,0.93432
20200404,0.052782833822522544,0.04803298,0.004749850810803057,3.300907,-0.17402,0.701701,1.258457,0.437864
20200212,0.0359220480617188,0.03338585,0.0025361974058212525,0.85793,0.241053,0.37819,0.8411569999999999,0.978442
20200319,0.03699709220205054,0.03340414,0.00359294778815191,2.295641,-0.101707,1.500114,0.430312,3e-05
20200313,0.09255443842809286,0.07731395,0.015240492325405653,6.873372,0.074941,2.31771,0.6032420000000001,0.000889
20200228,0.03114532570449332,0.02914435,0.0020009746673014524,1.047427,0.199417,0.352984,0.762637,0.823206
20200325,0.07422394120223212,0.06835231,0.005871635254259401,3.5178910000000005,0.019299,1.769659,0.510987,0.000236
20200306,0.023548147435428542,0.01581153,0.00773661537501914,5.1897150000000005,0.308387,0.201547,0.604938,0.996189
20200307,0.02395636856974944,0.01536408,0.008592283872628696,5.210188,0.37587,0.194628,0.5969760000000001,1.164487
20200427,0.03188466122055829,0.02577159,0.0061130723385839645,3.154668,-0.421324,0.397913,0.984074,1.104903
20200226,0.024865364705700745,0.02275857,0.0021067992743169727,0.89591,0.208893,0.345162,0.7971010000000001,0.869137
20200511,0.06347049692097141,0.05841409,0.00505640977984464,2.993504,-0.301541,1.065508,0.5135770000000001,0.977682
20200522,0.053308705719164746,0.0484844,0.004824307467742071,3.006598,-0.284582,0.554818,1.050824,0.891325
20200310,0.016171132974194282,0.01299332,0.0031778173261681397,1.637804,0.259456,0.361391,0.750841,1.128627
20200402,0.050778636781197116,0.04738919,0.003389446051887348,2.842433,-0.004465,0.729418,1.113988,0.018532
20200322,0.043807234129668735,0.03709314,0.006714097909252005,3.784803,0.14392,1.829031,0.544671,0.00024700000000000004
20200523,0.03760594982240497,0.03269918,0.004906767512115747,3.02877,-0.297806,0.462049,1.07325,0.90545
20200510,0.05470987615211018,0.05019198,0.004517896413774215,3.014839,-0.186647,1.085244,0.486605,0.968058
20200323,0.05255515767083572,0.04281661,0.009738545698385023,4.791192,-0.218757,1.950206,0.66935,0.6461899999999999
20200428,0.03494202873796794,0.02896532,0.00597670935860984,3.195411,-0.399283,0.407061,0.995839,1.087618
20200406,0.04674464798008402,0.04207605,0.004668595275019766,3.25006,-0.179938,0.7082470000000001,1.2297360000000002,0.467308
20200407,0.045402829636251835,0.04208451,0.0033183204731035733,2.618964,0.103673,0.714033,1.15291,0.000481
20200519,0.040464286786136366,0.03577405,0.004690233555664975,2.984618,-0.246079,0.659605,1.017441,0.912595
20200516,0.03706169478383515,0.03230745,0.004754249064909388,2.9779310000000003,-0.29935100000000003,0.637332,0.931179,0.900689
20200414,0.06030519361914285,0.04690479,0.013400406715781013,6.380158,-0.44486,0.470283,1.259479,1.213536
20200415,0.05129019055512992,0.04021551,0.011074676457192107,5.393694,-0.44167,0.501404,1.250233,1.221097
20200517,0.049400175417528516,0.04477693,0.004623242872903464,2.9951830000000004,-0.26376,0.591104,1.002825,0.882191
20200417,0.038963924759486436,0.02957211,0.009391813054147808,5.252945,-0.365951,0.483167,1.154028,0.984222
20200426,0.030445949929142138,0.02049934,0.00994661175797115,5.672172,-0.395366,0.355319,0.898367,1.007694
20200418,0.03967537327961648,0.03060629,0.009069080431488498,5.410581,-0.31597,0.428552,1.11949,0.882561
20200419,0.036394570911007326,0.03085555,0.005539022868476972,4.614776,0.005863,0.45037,1.0376,0.00141
20200425,0.033011406924400175,0.02284633,0.010165081196558932,5.696776,-0.402057,0.339031,0.926148,1.041749
20200422,0.04990707606649143,0.04185038,0.008056700503581822,4.37293,-0.401574,0.475478,1.0267879999999998,1.15724
20200416,0.04558625657135815,0.0356185,0.009967758324050944,4.326908,-0.4793810000000001,0.535799,1.27617,1.417598
20200328,0.07179707568795543,0.0692968,0.002500274250052252,1e-05,-0.198675,1.096483,0.071275,0.947735
20200327,0.04240375158367892,0.03965454,0.0027492073443337703,1.543616,0.000393,1.001662,1.126644,0.00141
20200424,0.0369813830688606,0.0271594,0.009821987986492002,4.8877440000000005,-0.479617,0.414195,1.016205,1.240736
20200421,0.0413723685392491,0.03276849,0.008603879339215716,5.089930000000002,-0.351822,0.4744020000000001,1.010254,0.968993
20200529,0.01945340563281697,0.01567884,0.0037745671661151533,3.002254,0.058871000000000014,0.32571300000000003,0.944915,0.968633
20200309,0.018176629823022136,0.01594092,0.00223571217349891,1.009955,0.18361,0.396321,0.803373,0.944512
20200311,0.014977359726638438,0.01206374,0.002913621764610793,1.340082,0.249465,0.378784,0.750069,1.107272
20200330,0.04992463148029469,0.04495544,0.0049691945870849,1.603731,-0.289935,1.00884,1.36194,0.861129
20200530,0.02225457615989726,0.01833837,0.003916211021623118,2.991633,0.16965,0.348223,0.8852760000000001,0.966154
20200314,0.05740196342243972,0.03996657,0.017435397286207775,7.758622,0.115467,2.199745,0.651116,1e-05
20200423,0.0491422645871479,0.03850141,0.010640851875610572,5.9671330000000005,-0.37514,0.378886,0.976235,1.007781
20200430,0.04739944693510536,0.04533698,0.002062462275545812,2.496966,0.032185000000000005,0.757346,0.481208,0.001342
20200502,0.02746129983101601,0.02498258,0.0024787236662962018,2.810619,-0.003053,0.537173,0.781127,0.00011
20200401,0.04181906546860132,0.03865354,0.0031655300834195024,2.589517,-0.013015,0.767139,1.110952,0.000255
20200329,0.05972803118712273,0.05535943,0.0043686035957465385,1.222892,-0.256669,1.056934,1.2929700000000002,0.788569
20200324,0.07324964861405721,0.06548299,0.007766661874916711,4.236943,0.07308400000000001,1.967576,0.501556,0.000126
20200501,0.02804449857501083,0.02612172,0.0019227773305582785,2.364261,-0.031265,0.568196,0.687175,0.000925
20200504,0.030026755888272926,0.02775478,0.002271977219908873,2.595053,0.002279,0.6082069999999999,0.7450829999999999,8.2e-05
20200616,0.027790061155833167,0.02397622,0.003813844150130017,3.002038,-0.163246,0.343431,0.861345,0.940769
20200411,0.05099670461931079,0.04599107,0.0050056321946356465,4.038781,0.016214,0.6229279999999999,1.163019,0.000238
20200601,0.02119797521510811,0.01720837,0.003989607839330317,2.990238,0.196297,0.398948,0.8486239999999999,0.967811
20200524,0.027967680971345138,0.02371433,0.0042533484613173815,3.4373949999999995,-0.205521,0.383965,1.008024,0.551617
20200503,0.02262466535805464,0.02013448,0.0024901859820312807,2.854532,0.004693,0.510386,0.774468,4.5e-05
20200413,0.05962622141241941,0.05442344,0.005202780126214036,4.003062,0.003709000000000001,0.621692,1.269342,0.0032630000000000003
20200608,0.018388822531350855,0.01475784,0.0036309821477897865,2.992594,0.140156,0.375839,0.759858,0.961657
20200318,0.09322616476591422,0.07600224,0.01722392657301553,5.953439,-0.35951700000000003,2.555128,0.741707,1.328121
20200320,0.09988814337524088,0.07093919,0.028948956246719938,10.331508,-0.000852,2.679104,0.650469,0.015268
20200505,0.03186370392557306,0.02971742,0.002146279292822437,2.534279,-0.006952,0.558705,0.741034,5.2e-05
20200528,0.027132146034740692,0.02419519,0.0029369544236868012,3.112564,-0.046367,0.391668,0.899789,0.12174
20200509,0.03081965780518808,0.02975278,0.0010668806666661627,1.021088,-0.03757,0.64513,0.654254,1e-05
20200627,0.01773912621608412,0.01361019,0.0041289380894826075,3.002683,-0.210952,0.177027,0.98699,0.935532
20200410,0.05564890919983168,0.05057959,0.005069322984528151,3.974421,0.0030670000000000003,0.5864560000000001,1.251436,8.499999999999999e-05
20200409,0.036711871209924835,0.03199835,0.004713520242177182,3.690402,0.000262,0.61397,1.269939,4.8e-05
20200513,0.05136562997213752,0.04575382,0.005611813114184416,2.362743,-0.332912,0.630091,0.985023,1.421166
20200527,0.024697836958466727,0.02192638,0.002771461853049682,2.356798,-0.14206400000000002,0.48639,1.01326,0.442119
20200630,0.022770192838010288,0.01886948,0.0039007113557939436,3.009978,-0.172623,0.20652,0.928058,0.941694
20200525,0.031291406494172135,0.02684016,0.004451243396690784,1.98601,-0.240578,0.544767,1.164926,1.19574
20200317,0.07117490636293185,0.04376259,0.02741231559377291,7.83472,-0.471351,2.987953,0.813397,1.823336
20200506,0.02377297209217565,0.02240604,0.001366933405917682,0.596769,-0.135129,0.647662,0.712328,0.431547
20200617,0.02785980805718264,0.02475982,0.0030999869287345466,2.908347,-0.157244,0.341035,0.8539479999999999,0.5616939999999999
20200508,0.03358284636264467,0.03239842,0.0011844229747446035,1.449918,-0.082799,0.713267,0.432047,1e-05
20200526,0.030389488894624093,0.02584114,0.004548349524822539,2.266518,-0.264173,0.499574,1.136777,1.131908
20200520,0.04542958352945816,0.0416614,0.00376818803336809,3.236733,-0.12811,0.5735100000000001,1.02554,0.357957
20200514,0.07962847716819056,0.07773524,0.0018932351667702823,2.149294,0.003471,0.822009,0.5417770000000001,1e-05
20200316,0.3239796471555832,0.29699449,0.02698515530514504,3.743801,-0.579914,4.460769,1e-05,0.959421
20200618,0.032575140414634364,0.02916935,0.003405794840939885,3.404946,-0.124528,0.285899,0.8484360000000001,0.361123
20200625,0.01999064741653794,0.01613959,0.003851053090196009,3.3927660000000004,-0.190029,0.27115300000000003,0.879022,0.584436
20200619,0.026689346923860567,0.02317475,0.003514594950529521,3.621092,-0.08413999999999999,0.249965,0.844115,0.215234
20200507,0.02514091756558333,0.02170348,0.003437441117022235,1.054993,-0.219665,0.6433,0.957236,1.184135
20200628,0.02433643234973449,0.01957073,0.004765701408464407,2.210092,-0.263677,0.242722,1.138645,1.318377
20200518,0.03788782269847507,0.03500418,0.002883642994599064,2.636022,0.008621,0.7351409999999999,0.976087,2.4e-05
20200621,0.02613019790315565,0.0228847,0.0032454964115146787,3.22542,-0.120863,0.27874,0.884136,0.399197
20200607,0.01719302111973615,0.01547175,0.001721273909485019,2.013826,0.026777,0.373476,0.854039,0.184762
20200620,0.03711387762602381,0.03321492,0.003898959829929508,3.961885,0.014425,0.229906,0.8394739999999999,0.000135
20200612,0.02329583455414237,0.0206861,0.00260973777907315,2.997251,0.016327,0.322622,0.83673,0.078524
20200521,0.04784232581230813,0.04366936,0.004172964650060016,3.848957,-0.006490999999999999,0.507025,0.975999,0.0004980000000000001
20200512,0.04285087828235745,0.04096316,0.0018877187020170968,2.108013,0.033836,0.604356,0.788842,0.003101
20200614,0.023213397118797763,0.02050504,0.002708353955334374,3.093255,-2.9e-05,0.329542,0.828204,0.013726
20200605,0.018877695983593845,0.01653373,0.002343961875781409,2.449259,0.112406,0.364338,0.814584,0.470689
20200624,0.022471161201121453,0.01914064,0.003330523016224909,3.453843,-0.074183,0.272321,0.8616940000000001,0.27020500000000003
20200622,0.025929005575567158,0.02195589,0.0039731180701625506,3.680608,-0.167011,0.269563,0.843376,0.448183
20200629,0.02195080476512689,0.01809394,0.003856867379499568,3.418057,-0.178402,0.189742,0.889141,0.612698
20200615,0.02587967020728318,0.02397522,0.0019044505578934801,1.471207,-0.032089,0.402756,0.992879,0.559682
20200623,0.02087174660402791,0.01767207,0.0031996760055497285,3.4773620000000003,-0.0035060000000000004,0.272228,0.8408540000000001,5.1e-05
20200412,0.06132425698177001,0.04730714,0.01401711917035731,6.820327000000002,-0.385147,0.579125,1.180038,1.22576
20200613,0.02416970923575397,0.02121069,0.002959021003374484,3.309795,0.001383,0.27886,0.830836,0.001435
20200515,0.0354666988907637,0.03291618,0.0025505222542740497,2.561407,0.046154,0.650076,0.891325,0.00048
20200626,0.0264762495405016,0.02047238,0.006003872054389584,5.133267,-0.08090499999999999,0.185747,0.782015,0.149265
20200606,0.0213758236342009,0.01915248,0.002223345642663601,2.676687,-0.044487,0.339983,0.8031159999999999,0.100199
20200609,0.017637759894192313,0.01561147,0.002026294820241159,2.377052,0.082099,0.369493,0.8320379999999999,0.002419
20200603,0.01700381595896669,0.01537919,0.001624630120389368,0.8565010000000001,0.05988,0.486793,0.858974,0.683558
20200611,0.015322187010262759,0.01199855,0.003323634840159868,1.689213,0.105758,0.405453,1.001433,1.214018
20200531,0.025061948523858256,0.02237253,0.0026894146508205244,2.002205,0.155839,0.447526,1.01106,0.6498229999999999
20200701,0.02262459226739668,0.01969494,0.0029296503630839464,3.231908,-0.041206,0.19258,0.8500280000000001,0.252963
20200604,0.015401936110082302,0.01378017,0.0016217623193647693,1.167471,0.065861,0.440509,0.931006,0.494942
20200315,0.10130932836514406,0.07289398,0.02841534985568661,10.61844,0.195682,2.204992,0.787522,0.000481
20200610,0.017527110645539704,0.01518738,0.0023397279543025053,1.595647,0.130855,0.402068,0.927102,0.798813
20200326,0.02795601635326131,0.02059509,0.0073609312681651735,4.341345,-0.216784,1.508472,0.919801,5.9e-05
20200602,0.028005557553035687,0.026472500000000003,0.0015330564327458046,0.372415,0.174258,0.548728,0.568515,0.759835
