cost,rmse,penalty,KAPPA,RHO,V0,VBAR,XI,LAMBDA,MU_Y,SIGMA_Y
0.093966,0.090036,0.003930,3.231908,-0.041206,0.192580,0.850028,0.252963,1.000000,0.000000,0.100000
0.093966,0.090036,0.003930,3.231908,-0.041206,0.192580,0.850028,0.252963,1.000000,0.000000,0.100000
0.093966,0.090036,0.003930,3.231908,-0.041206,0.192580,0.850028,0.252963,1.000000,0.000000,0.100000
0.093966,0.090036,0.003930,3.231908,-0.041206,0.192580,0.850028,0.252963,1.000000,0.000000,0.100000
0.093966,0.090036,0.003930,3.231908,-0.041206,0.192580,0.850028,0.252963,1.000000,0.000000,0.100000
0.093966,0.090036,0.003930,3.231908,-0.041206,0.192580,0.850028,0.252963,1.000000,0.000000,0.100000
0.093966,0.090036,0.003930,3.231908,-0.041206,0.192580,0.850028,0.252963,1.000000,0.000000,0.100000
0.093966,0.090036,0.003930,3.231908,-0.041206,0.192580,0.850028,0.252963,1.000000,0.000000,0.100000
0.093966,0.090036,0.003930,3.231908,-0.041206,0.192580,0.850028,0.252963,1.000000,0.000000,0.100000
0.129341,0.125932,0.003409,3.217127,-0.041855,0.447538,0.723461,0.254013,1.000193,0.005154,0.073036
0.083252,0.079539,0.003713,3.226745,-0.041433,0.281638,0.805818,0.253330,1.000067,0.001800,0.090582
0.083252,0.079539,0.003713,3.226745,-0.041433,0.281638,0.805818,0.253330,1.000067,0.001800,0.090582
0.083252,0.079539,0.003713,3.226745,-0.041433,0.281638,0.805818,0.253330,1.000067,0.001800,0.090582
0.083252,0.079539,0.003713,3.226745,-0.041433,0.281638,0.805818,0.253330,1.000067,0.001800,0.090582
0.083252,0.079539,0.003713,3.226745,-0.041433,0.281638,0.805818,0.253330,1.000067,0.001800,0.090582
0.083252,0.079539,0.003713,3.226745,-0.041433,0.281638,0.805818,0.253330,1.000067,0.001800,0.090582
0.083252,0.079539,0.003713,3.226745,-0.041433,0.281638,0.805818,0.253330,1.000067,0.001800,0.090582
0.083252,0.079539,0.003713,3.226745,-0.041433,0.281638,0.805818,0.253330,1.000067,0.001800,0.090582
0.083252,0.079539,0.003713,3.226745,-0.041433,0.281638,0.805818,0.253330,1.000067,0.001800,0.090582
0.030193,0.027667,0.002526,3.196987,-0.044250,0.330705,0.536066,0.256358,0.997422,0.001261,0.000010
0.030193,0.027667,0.002526,3.196987,-0.044250,0.330705,0.536066,0.256358,0.997422,0.001261,0.000010
0.030193,0.027667,0.002526,3.196987,-0.044250,0.330705,0.536066,0.256358,0.997422,0.001261,0.000010
0.030193,0.027667,0.002526,3.196987,-0.044250,0.330705,0.536066,0.256358,0.997422,0.001261,0.000010
0.030193,0.027667,0.002526,3.196987,-0.044250,0.330705,0.536066,0.256358,0.997422,0.001261,0.000010
0.030193,0.027667,0.002526,3.196987,-0.044250,0.330705,0.536066,0.256358,0.997422,0.001261,0.000010
0.030193,0.027667,0.002526,3.196987,-0.044250,0.330705,0.536066,0.256358,0.997422,0.001261,0.000010
0.030193,0.027667,0.002526,3.196987,-0.044250,0.330705,0.536066,0.256358,0.997422,0.001261,0.000010
0.030193,0.027667,0.002526,3.196987,-0.044250,0.330705,0.536066,0.256358,0.997422,0.001261,0.000010
0.124304,0.122122,0.002182,3.133253,-0.050170,0.351939,0.000010,0.264095,0.993449,0.002839,0.000010
0.016552,0.014179,0.002373,3.179384,-0.045885,0.336570,0.388008,0.258495,0.996325,0.001697,0.000010
0.016552,0.014179,0.002373,3.179384,-0.045885,0.336570,0.388008,0.258495,0.996325,0.001697,0.000010
0.016552,0.014179,0.002373,3.179384,-0.045885,0.336570,0.388008,0.258495,0.996325,0.001697,0.000010
0.016552,0.014179,0.002373,3.179384,-0.045885,0.336570,0.388008,0.258495,0.996325,0.001697,0.000010
0.016552,0.014179,0.002373,3.179384,-0.045885,0.336570,0.388008,0.258495,0.996325,0.001697,0.000010
0.016552,0.014179,0.002373,3.179384,-0.045885,0.336570,0.388008,0.258495,0.996325,0.001697,0.000010
0.016552,0.014179,0.002373,3.179384,-0.045885,0.336570,0.388008,0.258495,0.996325,0.001697,0.000010
0.016552,0.014179,0.002373,3.179384,-0.045885,0.336570,0.388008,0.258495,0.996325,0.001697,0.000010
0.016552,0.014179,0.002373,3.179384,-0.045885,0.336570,0.388008,0.258495,0.996325,0.001697,0.000010
0.014636,0.012215,0.002421,3.182314,-0.041580,0.342331,0.441480,0.256980,0.996719,0.001449,0.000010
0.014636,0.012215,0.002421,3.182314,-0.041580,0.342331,0.441480,0.256980,0.996719,0.001449,0.000010
0.014636,0.012215,0.002421,3.182314,-0.041580,0.342331,0.441480,0.256980,0.996719,0.001449,0.000010
0.014636,0.012215,0.002421,3.182314,-0.041580,0.342331,0.441480,0.256980,0.996719,0.001449,0.000010
0.014636,0.012215,0.002421,3.182314,-0.041580,0.342331,0.441480,0.256980,0.996719,0.001449,0.000010
0.014636,0.012215,0.002421,3.182314,-0.041580,0.342331,0.441480,0.256980,0.996719,0.001449,0.000010
0.014636,0.012215,0.002421,3.182314,-0.041580,0.342331,0.441480,0.256980,0.996719,0.001449,0.000010
0.014636,0.012215,0.002421,3.182314,-0.041580,0.342331,0.441480,0.256980,0.996719,0.001449,0.000010
0.014636,0.012215,0.002421,3.182314,-0.041580,0.342331,0.441480,0.256980,0.996719,0.001449,0.000010
0.014715,0.012295,0.002420,3.179127,-0.038404,0.323302,0.449990,0.256667,0.996488,0.001612,0.010410
0.013367,0.010950,0.002418,3.180746,-0.040017,0.332967,0.445668,0.256826,0.996605,0.001529,0.005127
0.013367,0.010950,0.002418,3.180746,-0.040017,0.332967,0.445668,0.256826,0.996605,0.001529,0.005127
0.013367,0.010950,0.002418,3.180746,-0.040017,0.332967,0.445668,0.256826,0.996605,0.001529,0.005127
0.013367,0.010950,0.002418,3.180746,-0.040017,0.332967,0.445668,0.256826,0.996605,0.001529,0.005127
0.013367,0.010950,0.002418,3.180746,-0.040017,0.332967,0.445668,0.256826,0.996605,0.001529,0.005127
0.013367,0.010950,0.002418,3.180746,-0.040017,0.332967,0.445668,0.256826,0.996605,0.001529,0.005127
0.013367,0.010950,0.002418,3.180746,-0.040017,0.332967,0.445668,0.256826,0.996605,0.001529,0.005127
0.013367,0.010950,0.002418,3.180746,-0.040017,0.332967,0.445668,0.256826,0.996605,0.001529,0.005127
0.013367,0.010950,0.002418,3.180746,-0.040017,0.332967,0.445668,0.256826,0.996605,0.001529,0.005127
0.017803,0.015457,0.002346,3.172598,-0.032201,0.345802,0.369604,0.256845,0.996181,0.001598,0.000010
0.012487,0.010092,0.002395,3.178371,-0.037739,0.336708,0.423496,0.256832,0.996482,0.001549,0.003636
0.012487,0.010092,0.002395,3.178371,-0.037739,0.336708,0.423496,0.256832,0.996482,0.001549,0.003636
0.012487,0.010092,0.002395,3.178371,-0.037739,0.336708,0.423496,0.256832,0.996482,0.001549,0.003636
0.012487,0.010092,0.002395,3.178371,-0.037739,0.336708,0.423496,0.256832,0.996482,0.001549,0.003636
0.012487,0.010092,0.002395,3.178371,-0.037739,0.336708,0.423496,0.256832,0.996482,0.001549,0.003636
0.012487,0.010092,0.002395,3.178371,-0.037739,0.336708,0.423496,0.256832,0.996482,0.001549,0.003636
0.012487,0.010092,0.002395,3.178371,-0.037739,0.336708,0.423496,0.256832,0.996482,0.001549,0.003636
0.012487,0.010092,0.002395,3.178371,-0.037739,0.336708,0.423496,0.256832,0.996482,0.001549,0.003636
0.012487,0.010092,0.002395,3.178371,-0.037739,0.336708,0.423496,0.256832,0.996482,0.001549,0.003636
0.012437,0.010048,0.002390,3.177169,-0.032180,0.337377,0.424277,0.256261,0.996506,0.001547,0.003110
0.012437,0.010048,0.002390,3.177169,-0.032180,0.337377,0.424277,0.256261,0.996506,0.001547,0.003110
0.012437,0.010048,0.002390,3.177169,-0.032180,0.337377,0.424277,0.256261,0.996506,0.001547,0.003110
0.012437,0.010048,0.002390,3.177169,-0.032180,0.337377,0.424277,0.256261,0.996506,0.001547,0.003110
0.012437,0.010048,0.002390,3.177169,-0.032180,0.337377,0.424277,0.256261,0.996506,0.001547,0.003110
0.012437,0.010048,0.002390,3.177169,-0.032180,0.337377,0.424277,0.256261,0.996506,0.001547,0.003110
0.012437,0.010048,0.002390,3.177169,-0.032180,0.337377,0.424277,0.256261,0.996506,0.001547,0.003110
0.012437,0.010048,0.002390,3.177169,-0.032180,0.337377,0.424277,0.256261,0.996506,0.001547,0.003110
0.012437,0.010048,0.002390,3.177169,-0.032180,0.337377,0.424277,0.256261,0.996506,0.001547,0.003110
0.012351,0.009975,0.002376,3.173109,-0.015233,0.337786,0.425058,0.254741,0.996554,0.001564,0.001937
0.012351,0.009975,0.002376,3.173109,-0.015233,0.337786,0.425058,0.254741,0.996554,0.001564,0.001937
0.012351,0.009975,0.002376,3.173109,-0.015233,0.337786,0.425058,0.254741,0.996554,0.001564,0.001937
0.012351,0.009975,0.002376,3.173109,-0.015233,0.337786,0.425058,0.254741,0.996554,0.001564,0.001937
0.012351,0.009975,0.002376,3.173109,-0.015233,0.337786,0.425058,0.254741,0.996554,0.001564,0.001937
0.012351,0.009975,0.002376,3.173109,-0.015233,0.337786,0.425058,0.254741,0.996554,0.001564,0.001937
0.012351,0.009975,0.002376,3.173109,-0.015233,0.337786,0.425058,0.254741,0.996554,0.001564,0.001937
0.012351,0.009975,0.002376,3.173109,-0.015233,0.337786,0.425058,0.254741,0.996554,0.001564,0.001937
0.012351,0.009975,0.002376,3.173109,-0.015233,0.337786,0.425058,0.254741,0.996554,0.001564,0.001937
0.012106,0.009730,0.002376,3.156365,0.050755,0.338325,0.425840,0.249639,0.996645,0.001507,0.000010
0.012106,0.009730,0.002376,3.156365,0.050755,0.338325,0.425840,0.249639,0.996645,0.001507,0.000010
0.012106,0.009730,0.002376,3.156365,0.050755,0.338325,0.425840,0.249639,0.996645,0.001507,0.000010
0.012106,0.009730,0.002376,3.156365,0.050755,0.338325,0.425840,0.249639,0.996645,0.001507,0.000010
0.012106,0.009730,0.002376,3.156365,0.050755,0.338325,0.425840,0.249639,0.996645,0.001507,0.000010
0.012106,0.009730,0.002376,3.156365,0.050755,0.338325,0.425840,0.249639,0.996645,0.001507,0.000010
0.012106,0.009730,0.002376,3.156365,0.050755,0.338325,0.425840,0.249639,0.996645,0.001507,0.000010
0.012106,0.009730,0.002376,3.156365,0.050755,0.338325,0.425840,0.249639,0.996645,0.001507,0.000010
0.012106,0.009730,0.002376,3.156365,0.050755,0.338325,0.425840,0.249639,0.996645,0.001507,0.000010
0.011869,0.009362,0.002507,3.133040,0.137448,0.338072,0.425134,0.244437,0.996678,0.001345,0.000010
0.011869,0.009362,0.002507,3.133040,0.137448,0.338072,0.425134,0.244437,0.996678,0.001345,0.000010
0.011869,0.009362,0.002507,3.133040,0.137448,0.338072,0.425134,0.244437,0.996678,0.001345,0.000010
0.011869,0.009362,0.002507,3.133040,0.137448,0.338072,0.425134,0.244437,0.996678,0.001345,0.000010
0.011869,0.009362,0.002507,3.133040,0.137448,0.338072,0.425134,0.244437,0.996678,0.001345,0.000010
0.011869,0.009362,0.002507,3.133040,0.137448,0.338072,0.425134,0.244437,0.996678,0.001345,0.000010
0.011869,0.009362,0.002507,3.133040,0.137448,0.338072,0.425134,0.244437,0.996678,0.001345,0.000010
0.011869,0.009362,0.002507,3.133040,0.137448,0.338072,0.425134,0.244437,0.996678,0.001345,0.000010
0.011869,0.009362,0.002507,3.133040,0.137448,0.338072,0.425134,0.244437,0.996678,0.001345,0.000010
0.011742,0.009046,0.002696,3.114154,0.201060,0.337224,0.423262,0.243142,0.996662,0.001252,0.001117
0.011742,0.009046,0.002696,3.114154,0.201060,0.337224,0.423262,0.243142,0.996662,0.001252,0.001117
0.011742,0.009046,0.002696,3.114154,0.201060,0.337224,0.423262,0.243142,0.996662,0.001252,0.001117
0.011742,0.009046,0.002696,3.114154,0.201060,0.337224,0.423262,0.243142,0.996662,0.001252,0.001117
0.011742,0.009046,0.002696,3.114154,0.201060,0.337224,0.423262,0.243142,0.996662,0.001252,0.001117
0.011742,0.009046,0.002696,3.114154,0.201060,0.337224,0.423262,0.243142,0.996662,0.001252,0.001117
0.011742,0.009046,0.002696,3.114154,0.201060,0.337224,0.423262,0.243142,0.996662,0.001252,0.001117
0.011742,0.009046,0.002696,3.114154,0.201060,0.337224,0.423262,0.243142,0.996662,0.001252,0.001117
0.011742,0.009046,0.002696,3.114154,0.201060,0.337224,0.423262,0.243142,0.996662,0.001252,0.001117
0.011713,0.008987,0.002727,3.109446,0.209779,0.336793,0.422287,0.246646,0.996650,0.001248,0.001633
0.011713,0.008987,0.002727,3.109446,0.209779,0.336793,0.422287,0.246646,0.996650,0.001248,0.001633
0.011713,0.008987,0.002727,3.109446,0.209779,0.336793,0.422287,0.246646,0.996650,0.001248,0.001633
0.011713,0.008987,0.002727,3.109446,0.209779,0.336793,0.422287,0.246646,0.996650,0.001248,0.001633
0.011713,0.008987,0.002727,3.109446,0.209779,0.336793,0.422287,0.246646,0.996650,0.001248,0.001633
0.011713,0.008987,0.002727,3.109446,0.209779,0.336793,0.422287,0.246646,0.996650,0.001248,0.001633
0.011713,0.008987,0.002727,3.109446,0.209779,0.336793,0.422287,0.246646,0.996650,0.001248,0.001633
0.011713,0.008987,0.002727,3.109446,0.209779,0.336793,0.422287,0.246646,0.996650,0.001248,0.001633
0.011713,0.008987,0.002727,3.109446,0.209779,0.336793,0.422287,0.246646,0.996650,0.001248,0.001633
0.011687,0.008961,0.002726,3.105256,0.210114,0.336491,0.421657,0.254320,0.996649,0.001237,0.001911
0.011687,0.008961,0.002726,3.105256,0.210114,0.336491,0.421657,0.254320,0.996649,0.001237,0.001911
0.011687,0.008961,0.002726,3.105256,0.210114,0.336491,0.421657,0.254320,0.996649,0.001237,0.001911
0.011687,0.008961,0.002726,3.105256,0.210114,0.336491,0.421657,0.254320,0.996649,0.001237,0.001911
0.011687,0.008961,0.002726,3.105256,0.210114,0.336491,0.421657,0.254320,0.996649,0.001237,0.001911
0.011687,0.008961,0.002726,3.105256,0.210114,0.336491,0.421657,0.254320,0.996649,0.001237,0.001911
0.011687,0.008961,0.002726,3.105256,0.210114,0.336491,0.421657,0.254320,0.996649,0.001237,0.001911
0.011687,0.008961,0.002726,3.105256,0.210114,0.336491,0.421657,0.254320,0.996649,0.001237,0.001911
0.011687,0.008961,0.002726,3.105256,0.210114,0.336491,0.421657,0.254320,0.996649,0.001237,0.001911
0.011621,0.008888,0.002732,3.091882,0.212585,0.336012,0.420783,0.278821,0.996672,0.001163,0.002201
0.011621,0.008888,0.002732,3.091882,0.212585,0.336012,0.420783,0.278821,0.996672,0.001163,0.002201
0.011621,0.008888,0.002732,3.091882,0.212585,0.336012,0.420783,0.278821,0.996672,0.001163,0.002201
0.011621,0.008888,0.002732,3.091882,0.212585,0.336012,0.420783,0.278821,0.996672,0.001163,0.002201
0.011621,0.008888,0.002732,3.091882,0.212585,0.336012,0.420783,0.278821,0.996672,0.001163,0.002201
0.011621,0.008888,0.002732,3.091882,0.212585,0.336012,0.420783,0.278821,0.996672,0.001163,0.002201
0.011621,0.008888,0.002732,3.091882,0.212585,0.336012,0.420783,0.278821,0.996672,0.001163,0.002201
0.011621,0.008888,0.002732,3.091882,0.212585,0.336012,0.420783,0.278821,0.996672,0.001163,0.002201
0.011621,0.008888,0.002732,3.091882,0.212585,0.336012,0.420783,0.278821,0.996672,0.001163,0.002201
0.011468,0.008676,0.002792,3.053676,0.227704,0.335289,0.419747,0.345032,0.996768,0.000866,0.002393
0.011468,0.008676,0.002792,3.053676,0.227704,0.335289,0.419747,0.345032,0.996768,0.000866,0.002393
0.011468,0.008676,0.002792,3.053676,0.227704,0.335289,0.419747,0.345032,0.996768,0.000866,0.002393
0.011468,0.008676,0.002792,3.053676,0.227704,0.335289,0.419747,0.345032,0.996768,0.000866,0.002393
0.011468,0.008676,0.002792,3.053676,0.227704,0.335289,0.419747,0.345032,0.996768,0.000866,0.002393
0.011468,0.008676,0.002792,3.053676,0.227704,0.335289,0.419747,0.345032,0.996768,0.000866,0.002393
0.011468,0.008676,0.002792,3.053676,0.227704,0.335289,0.419747,0.345032,0.996768,0.000866,0.002393
0.011468,0.008676,0.002792,3.053676,0.227704,0.335289,0.419747,0.345032,0.996768,0.000866,0.002393
0.011468,0.008676,0.002792,3.053676,0.227704,0.335289,0.419747,0.345032,0.996768,0.000866,0.002393
0.011232,0.008273,0.002959,2.978850,0.258990,0.334625,0.419571,0.474293,0.996989,0.000006,0.002137
0.011232,0.008273,0.002959,2.978850,0.258990,0.334625,0.419571,0.474293,0.996989,0.000006,0.002137
0.011232,0.008273,0.002959,2.978850,0.258990,0.334625,0.419571,0.474293,0.996989,0.000006,0.002137
0.011232,0.008273,0.002959,2.978850,0.258990,0.334625,0.419571,0.474293,0.996989,0.000006,0.002137
0.011232,0.008273,0.002959,2.978850,0.258990,0.334625,0.419571,0.474293,0.996989,0.000006,0.002137
0.011232,0.008273,0.002959,2.978850,0.258990,0.334625,0.419571,0.474293,0.996989,0.000006,0.002137
0.011232,0.008273,0.002959,2.978850,0.258990,0.334625,0.419571,0.474293,0.996989,0.000006,0.002137
0.011232,0.008273,0.002959,2.978850,0.258990,0.334625,0.419571,0.474293,0.996989,0.000006,0.002137
0.011232,0.008273,0.002959,2.978850,0.258990,0.334625,0.419571,0.474293,0.996989,0.000006,0.002137
0.010929,0.008015,0.002914,2.938508,0.240533,0.335015,0.422280,0.563956,0.997170,-0.001216,0.001168
0.010929,0.008015,0.002914,2.938508,0.240533,0.335015,0.422280,0.563956,0.997170,-0.001216,0.001168
0.010929,0.008015,0.002914,2.938508,0.240533,0.335015,0.422280,0.563956,0.997170,-0.001216,0.001168
0.010929,0.008015,0.002914,2.938508,0.240533,0.335015,0.422280,0.563956,0.997170,-0.001216,0.001168
0.010929,0.008015,0.002914,2.938508,0.240533,0.335015,0.422280,0.563956,0.997170,-0.001216,0.001168
0.010929,0.008015,0.002914,2.938508,0.240533,0.335015,0.422280,0.563956,0.997170,-0.001216,0.001168
0.010929,0.008015,0.002914,2.938508,0.240533,0.335015,0.422280,0.563956,0.997170,-0.001216,0.001168
0.010929,0.008015,0.002914,2.938508,0.240533,0.335015,0.422280,0.563956,0.997170,-0.001216,0.001168
0.010929,0.008015,0.002914,2.938508,0.240533,0.335015,0.422280,0.563956,0.997170,-0.001216,0.001168
0.010257,0.007427,0.002830,2.861908,0.183589,0.336644,0.433773,0.743562,0.997552,-0.006412,0.000010
0.010257,0.007427,0.002830,2.861908,0.183589,0.336644,0.433773,0.743562,0.997552,-0.006412,0.000010
0.010257,0.007427,0.002830,2.861908,0.183590,0.336644,0.433773,0.743562,0.997552,-0.006412,0.000010
0.010257,0.007427,0.002830,2.861908,0.183589,0.336644,0.433773,0.743562,0.997552,-0.006412,0.000010
0.010257,0.007427,0.002830,2.861908,0.183589,0.336644,0.433773,0.743562,0.997552,-0.006412,0.000010
0.010257,0.007427,0.002830,2.861908,0.183589,0.336644,0.433773,0.743562,0.997552,-0.006412,0.000010
0.010257,0.007427,0.002830,2.861908,0.183589,0.336644,0.433773,0.743562,0.997552,-0.006412,0.000010
0.010257,0.007427,0.002830,2.861908,0.183589,0.336644,0.433773,0.743562,0.997552,-0.006412,0.000010
0.010257,0.007427,0.002830,2.861908,0.183589,0.336644,0.433773,0.743562,0.997552,-0.006412,0.000010
0.010014,0.006907,0.003106,2.740180,0.184320,0.337131,0.445275,0.975386,0.998017,-0.012860,0.000010
0.010014,0.006907,0.003106,2.740180,0.184320,0.337131,0.445275,0.975386,0.998017,-0.012860,0.000010
0.010014,0.006907,0.003106,2.740180,0.184320,0.337131,0.445275,0.975386,0.998017,-0.012860,0.000010
0.010014,0.006907,0.003106,2.740180,0.184320,0.337131,0.445275,0.975386,0.998017,-0.012860,0.000010
0.010014,0.006907,0.003106,2.740180,0.184320,0.337131,0.445275,0.975386,0.998017,-0.012860,0.000010
0.010014,0.006907,0.003106,2.740180,0.184320,0.337131,0.445275,0.975386,0.998017,-0.012860,0.000010
0.010014,0.006907,0.003106,2.740180,0.184320,0.337131,0.445275,0.975386,0.998017,-0.012860,0.000010
0.010014,0.006907,0.003106,2.740180,0.184320,0.337131,0.445275,0.975386,0.998017,-0.012860,0.000010
0.010014,0.006907,0.003106,2.740180,0.184320,0.337131,0.445275,0.975386,0.998017,-0.012860,0.000010
0.011554,0.007904,0.003650,2.554505,0.032750,0.338292,0.473214,1.410154,0.998875,-0.026888,0.000327
0.009880,0.006739,0.003142,2.706220,0.156598,0.337343,0.450385,1.054905,0.998174,-0.015426,0.000068
0.009880,0.006739,0.003142,2.706220,0.156598,0.337343,0.450385,1.054905,0.998174,-0.015426,0.000068
0.009880,0.006739,0.003142,2.706220,0.156598,0.337343,0.450385,1.054905,0.998174,-0.015426,0.000068
0.009880,0.006739,0.003142,2.706220,0.156598,0.337343,0.450385,1.054905,0.998174,-0.015426,0.000068
0.009880,0.006739,0.003142,2.706220,0.156598,0.337343,0.450385,1.054905,0.998174,-0.015426,0.000068
0.009880,0.006739,0.003142,2.706220,0.156598,0.337343,0.450385,1.054905,0.998174,-0.015426,0.000068
0.009880,0.006739,0.003142,2.706220,0.156598,0.337343,0.450385,1.054905,0.998174,-0.015426,0.000068
0.009880,0.006739,0.003142,2.706220,0.156598,0.337343,0.450385,1.054905,0.998174,-0.015426,0.000068
0.009880,0.006739,0.003142,2.706220,0.156598,0.337343,0.450385,1.054905,0.998174,-0.015426,0.000068
0.009785,0.006314,0.003471,2.591384,0.066720,0.338206,0.476549,1.316207,0.998817,-0.031041,0.000742
0.009785,0.006314,0.003471,2.591384,0.066720,0.338206,0.476549,1.316207,0.998817,-0.031041,0.000742
0.009785,0.006314,0.003471,2.591384,0.066720,0.338206,0.476549,1.316207,0.998817,-0.031041,0.000742
0.009785,0.006314,0.003471,2.591384,0.066720,0.338206,0.476549,1.316207,0.998817,-0.031041,0.000742
0.009785,0.006314,0.003471,2.591384,0.066720,0.338206,0.476549,1.316207,0.998817,-0.031041,0.000742
0.009785,0.006314,0.003471,2.591384,0.066720,0.338206,0.476549,1.316207,0.998817,-0.031041,0.000742
0.009785,0.006314,0.003471,2.591384,0.066720,0.338206,0.476549,1.316207,0.998817,-0.031041,0.000742
0.009785,0.006314,0.003471,2.591384,0.066720,0.338206,0.476549,1.316207,0.998817,-0.031041,0.000742
0.009785,0.006314,0.003471,2.591384,0.066720,0.338206,0.476549,1.316207,0.998817,-0.031041,0.000742
0.009651,0.006358,0.003293,2.640950,0.115204,0.337732,0.469176,1.193108,0.998602,-0.027394,0.000789
0.009651,0.006358,0.003293,2.640950,0.115204,0.337732,0.469176,1.193108,0.998602,-0.027394,0.000789
0.009651,0.006358,0.003293,2.640950,0.115204,0.337732,0.469176,1.193108,0.998602,-0.027394,0.000789
0.009651,0.006358,0.003293,2.640950,0.115204,0.337732,0.469176,1.193108,0.998602,-0.027394,0.000789
0.009651,0.006358,0.003293,2.640950,0.115204,0.337732,0.469176,1.193108,0.998602,-0.027394,0.000789
0.009651,0.006358,0.003293,2.640950,0.115204,0.337732,0.469176,1.193108,0.998602,-0.027394,0.000789
0.009651,0.006358,0.003293,2.640950,0.115204,0.337732,0.469176,1.193108,0.998602,-0.027394,0.000789
0.009651,0.006358,0.003293,2.640950,0.115204,0.337732,0.469176,1.193108,0.998602,-0.027394,0.000789
0.009651,0.006358,0.003293,2.640950,0.115204,0.337732,0.469176,1.193108,0.998602,-0.027394,0.000789
0.009603,0.006035,0.003568,2.568865,0.121420,0.337915,0.474050,1.324341,0.998846,-0.028680,0.000627
0.009603,0.006035,0.003568,2.568865,0.121420,0.337915,0.474050,1.324341,0.998846,-0.028680,0.000627
0.009603,0.006035,0.003568,2.568865,0.121421,0.337915,0.474050,1.324341,0.998846,-0.028680,0.000627
0.009603,0.006035,0.003568,2.568865,0.121420,0.337916,0.474050,1.324341,0.998846,-0.028680,0.000627
0.009603,0.006035,0.003568,2.568865,0.121420,0.337915,0.474050,1.324341,0.998846,-0.028680,0.000627
0.009603,0.006035,0.003568,2.568865,0.121420,0.337915,0.474050,1.324341,0.998846,-0.028680,0.000627
0.009603,0.006035,0.003568,2.568865,0.121420,0.337915,0.474050,1.324341,0.998846,-0.028680,0.000627
0.009603,0.006035,0.003568,2.568865,0.121420,0.337915,0.474050,1.324341,0.998846,-0.028680,0.000627
0.009603,0.006035,0.003568,2.568865,0.121420,0.337915,0.474050,1.324341,0.998846,-0.028680,0.000627
0.009489,0.005885,0.003605,2.555539,0.099156,0.338243,0.479926,1.358022,0.998988,-0.033307,0.000839
0.009489,0.005885,0.003605,2.555539,0.099156,0.338243,0.479926,1.358022,0.998988,-0.033307,0.000839
0.009489,0.005885,0.003605,2.555539,0.099156,0.338243,0.479926,1.358022,0.998988,-0.033307,0.000839
0.009489,0.005885,0.003605,2.555539,0.099156,0.338243,0.479926,1.358022,0.998988,-0.033307,0.000839
0.009489,0.005885,0.003605,2.555539,0.099156,0.338243,0.479926,1.358022,0.998988,-0.033307,0.000839
0.009489,0.005885,0.003605,2.555539,0.099156,0.338243,0.479926,1.358022,0.998988,-0.033307,0.000839
0.009489,0.005885,0.003605,2.555539,0.099156,0.338243,0.479926,1.358022,0.998988,-0.033307,0.000839
0.009489,0.005885,0.003605,2.555539,0.099156,0.338243,0.479926,1.358022,0.998988,-0.033307,0.000839
0.009489,0.005885,0.003605,2.555539,0.099156,0.338243,0.479926,1.358022,0.998988,-0.033307,0.000839
0.009447,0.005667,0.003780,2.512379,0.088165,0.338221,0.488957,1.439335,0.999244,-0.038261,0.001110
0.009447,0.005667,0.003780,2.512379,0.088165,0.338221,0.488957,1.439335,0.999244,-0.038261,0.001110
0.009447,0.005667,0.003780,2.512379,0.088165,0.338221,0.488957,1.439335,0.999244,-0.038261,0.001110
0.009447,0.005667,0.003780,2.512379,0.088165,0.338221,0.488957,1.439335,0.999244,-0.038261,0.001110
0.009447,0.005667,0.003780,2.512379,0.088165,0.338221,0.488957,1.439335,0.999244,-0.038261,0.001110
0.009447,0.005667,0.003780,2.512379,0.088165,0.338221,0.488957,1.439335,0.999244,-0.038261,0.001110
0.009447,0.005667,0.003780,2.512379,0.088165,0.338221,0.488957,1.439335,0.999244,-0.038261,0.001110
0.009447,0.005667,0.003780,2.512379,0.088165,0.338221,0.488957,1.439335,0.999244,-0.038261,0.001110
0.009447,0.005667,0.003780,2.512379,0.088165,0.338221,0.488957,1.439335,0.999244,-0.038261,0.001110
0.009405,0.005377,0.004028,2.454007,0.084012,0.338464,0.500359,1.538988,0.999619,-0.044605,0.001269
0.009405,0.005377,0.004028,2.454007,0.084012,0.338464,0.500359,1.538988,0.999619,-0.044605,0.001269
0.009405,0.005377,0.004028,2.454007,0.084012,0.338464,0.500359,1.538988,0.999619,-0.044605,0.001269
0.009405,0.005377,0.004028,2.454007,0.084012,0.338464,0.500359,1.538988,0.999619,-0.044605,0.001269
0.009405,0.005377,0.004028,2.454007,0.084012,0.338464,0.500359,1.538988,0.999619,-0.044605,0.001269
0.009405,0.005377,0.004028,2.454007,0.084012,0.338464,0.500359,1.538988,0.999619,-0.044605,0.001269
0.009405,0.005377,0.004028,2.454007,0.084012,0.338464,0.500359,1.538988,0.999619,-0.044605,0.001269
0.009405,0.005377,0.004028,2.454007,0.084012,0.338464,0.500359,1.538988,0.999619,-0.044605,0.001269
0.009405,0.005377,0.004028,2.454007,0.084012,0.338464,0.500359,1.538988,0.999619,-0.044605,0.001269
0.009399,0.005223,0.004176,2.419506,0.080983,0.338415,0.506980,1.596117,0.999796,-0.045314,0.001117
0.009399,0.005223,0.004176,2.419506,0.080983,0.338415,0.506980,1.596117,0.999796,-0.045314,0.001117
0.009399,0.005223,0.004176,2.419506,0.080983,0.338415,0.506980,1.596117,0.999796,-0.045314,0.001117
0.009399,0.005223,0.004176,2.419506,0.080983,0.338415,0.506980,1.596117,0.999796,-0.045314,0.001117
0.009399,0.005223,0.004176,2.419506,0.080983,0.338415,0.506980,1.596117,0.999796,-0.045314,0.001117
0.009399,0.005223,0.004176,2.419506,0.080983,0.338415,0.506980,1.596117,0.999796,-0.045314,0.001117
0.009399,0.005223,0.004176,2.419506,0.080983,0.338415,0.506980,1.596117,0.999796,-0.045314,0.001117
0.009399,0.005223,0.004176,2.419506,0.080983,0.338415,0.506980,1.596117,0.999796,-0.045314,0.001117
0.009399,0.005223,0.004176,2.419506,0.080983,0.338415,0.506980,1.596117,0.999796,-0.045314,0.001117
0.009389,0.005237,0.004151,2.420062,0.082933,0.338501,0.507253,1.587531,0.999813,-0.043395,0.000830
0.009389,0.005237,0.004151,2.420062,0.082933,0.338501,0.507253,1.587531,0.999813,-0.043395,0.000830
0.009389,0.005237,0.004151,2.420062,0.082933,0.338501,0.507253,1.587531,0.999813,-0.043395,0.000830
0.009389,0.005237,0.004151,2.420062,0.082933,0.338501,0.507253,1.587531,0.999813,-0.043395,0.000830
0.009389,0.005237,0.004151,2.420062,0.082933,0.338501,0.507253,1.587531,0.999813,-0.043395,0.000830
0.009389,0.005237,0.004151,2.420062,0.082933,0.338501,0.507253,1.587531,0.999813,-0.043395,0.000830
0.009389,0.005237,0.004151,2.420062,0.082933,0.338501,0.507253,1.587531,0.999813,-0.043395,0.000830
0.009389,0.005237,0.004151,2.420062,0.082933,0.338501,0.507253,1.587531,0.999813,-0.043395,0.000830
0.009389,0.005237,0.004151,2.420062,0.082933,0.338501,0.507253,1.587531,0.999813,-0.043395,0.000830
0.009369,0.005202,0.004167,2.402665,0.080611,0.339458,0.509799,1.599053,0.999943,-0.038956,0.000010
0.009369,0.005202,0.004167,2.402665,0.080611,0.339458,0.509799,1.599053,0.999943,-0.038956,0.000010
0.009369,0.005202,0.004167,2.402665,0.080611,0.339458,0.509799,1.599053,0.999943,-0.038956,0.000010
0.009369,0.005202,0.004167,2.402665,0.080611,0.339458,0.509799,1.599053,0.999943,-0.038956,0.000010
0.009369,0.005202,0.004167,2.402665,0.080611,0.339458,0.509799,1.599053,0.999943,-0.038956,0.000010
0.009369,0.005202,0.004167,2.402665,0.080611,0.339458,0.509799,1.599053,0.999943,-0.038956,0.000010
0.009369,0.005202,0.004167,2.402665,0.080611,0.339458,0.509799,1.599053,0.999943,-0.038956,0.000010
0.009369,0.005202,0.004167,2.402665,0.080611,0.339458,0.509799,1.599053,0.999943,-0.038956,0.000010
0.009369,0.005202,0.004167,2.402665,0.080611,0.339458,0.509799,1.599053,0.999943,-0.038956,0.000010
0.009343,0.005135,0.004208,2.371049,0.077316,0.340174,0.515916,1.622477,1.000108,-0.030182,0.000010
0.009343,0.005135,0.004208,2.371049,0.077316,0.340174,0.515916,1.622477,1.000108,-0.030182,0.000010
0.009343,0.005135,0.004208,2.371049,0.077316,0.340174,0.515916,1.622477,1.000108,-0.030182,0.000010
0.009343,0.005135,0.004208,2.371049,0.077316,0.340174,0.515916,1.622477,1.000108,-0.030182,0.000010
0.009343,0.005135,0.004208,2.371049,0.077316,0.340174,0.515916,1.622477,1.000108,-0.030182,0.000010
0.009343,0.005135,0.004208,2.371049,0.077316,0.340174,0.515916,1.622477,1.000108,-0.030182,0.000010
0.009343,0.005135,0.004208,2.371049,0.077316,0.340174,0.515916,1.622477,1.000108,-0.030182,0.000010
0.009343,0.005135,0.004208,2.371049,0.077316,0.340174,0.515916,1.622477,1.000108,-0.030182,0.000010
0.009343,0.005135,0.004208,2.371049,0.077316,0.340174,0.515916,1.622477,1.000108,-0.030182,0.000010
0.009307,0.004894,0.004413,2.290969,0.067970,0.341411,0.530169,1.707603,1.000571,-0.017987,0.000677
0.009307,0.004894,0.004413,2.290969,0.067970,0.341411,0.530169,1.707603,1.000571,-0.017987,0.000677
0.009307,0.004894,0.004413,2.290969,0.067970,0.341411,0.530169,1.707603,1.000571,-0.017987,0.000677
0.009307,0.004894,0.004413,2.290969,0.067970,0.341411,0.530169,1.707603,1.000571,-0.017987,0.000677
0.009307,0.004894,0.004413,2.290969,0.067970,0.341411,0.530169,1.707603,1.000571,-0.017987,0.000677
0.009307,0.004894,0.004413,2.290969,0.067970,0.341411,0.530169,1.707603,1.000571,-0.017987,0.000677
0.009307,0.004894,0.004413,2.290969,0.067970,0.341411,0.530169,1.707603,1.000571,-0.017987,0.000677
0.009307,0.004894,0.004413,2.290969,0.067970,0.341411,0.530169,1.707603,1.000571,-0.017987,0.000677
0.009307,0.004894,0.004413,2.290969,0.067970,0.341411,0.530169,1.707603,1.000571,-0.017987,0.000677
0.009287,0.004903,0.004384,2.277069,0.068501,0.341475,0.532032,1.702731,1.000652,-0.009925,0.001317
0.009287,0.004903,0.004384,2.277069,0.068501,0.341475,0.532032,1.702731,1.000652,-0.009925,0.001317
0.009287,0.004903,0.004384,2.277069,0.068501,0.341475,0.532032,1.702731,1.000652,-0.009925,0.001317
0.009287,0.004903,0.004384,2.277069,0.068501,0.341475,0.532032,1.702731,1.000652,-0.009925,0.001317
0.009287,0.004903,0.004384,2.277069,0.068501,0.341475,0.532032,1.702731,1.000652,-0.009925,0.001317
0.009287,0.004903,0.004384,2.277069,0.068501,0.341475,0.532032,1.702731,1.000652,-0.009925,0.001317
0.009287,0.004903,0.004384,2.277069,0.068501,0.341475,0.532032,1.702731,1.000652,-0.009925,0.001317
0.009287,0.004903,0.004384,2.277069,0.068501,0.341475,0.532032,1.702731,1.000652,-0.009925,0.001317
0.009287,0.004903,0.004384,2.277069,0.068501,0.341475,0.532032,1.702731,1.000652,-0.009925,0.001317
0.009244,0.004875,0.004368,2.239588,0.069178,0.341008,0.536267,1.706504,1.000934,0.002970,0.003161
0.009244,0.004875,0.004368,2.239588,0.069178,0.341008,0.536267,1.706504,1.000934,0.002970,0.003161
0.009244,0.004875,0.004368,2.239588,0.069178,0.341008,0.536267,1.706504,1.000934,0.002970,0.003161
0.009244,0.004875,0.004368,2.239588,0.069178,0.341008,0.536267,1.706504,1.000934,0.002970,0.003161
0.009244,0.004875,0.004368,2.239588,0.069178,0.341008,0.536267,1.706504,1.000934,0.002970,0.003161
0.009244,0.004875,0.004368,2.239588,0.069178,0.341008,0.536267,1.706504,1.000934,0.002970,0.003161
0.009244,0.004875,0.004368,2.239588,0.069178,0.341008,0.536267,1.706504,1.000934,0.002970,0.003161
0.009244,0.004875,0.004368,2.239588,0.069178,0.341008,0.536267,1.706504,1.000934,0.002970,0.003161
0.009244,0.004875,0.004368,2.239588,0.069178,0.341008,0.536267,1.706504,1.000934,0.002970,0.003161
0.009359,0.005140,0.004219,2.184467,0.070577,0.341308,0.537972,1.671899,1.001357,0.032712,0.005629
0.009227,0.004894,0.004333,2.227273,0.069491,0.341075,0.536648,1.698773,1.001028,0.009615,0.003712
0.009227,0.004894,0.004333,2.227273,0.069491,0.341075,0.536648,1.698773,1.001028,0.009615,0.003712
0.009227,0.004894,0.004333,2.227273,0.069491,0.341075,0.536648,1.698773,1.001028,0.009615,0.003712
0.009227,0.004894,0.004333,2.227273,0.069491,0.341075,0.536648,1.698773,1.001028,0.009615,0.003712
0.009227,0.004894,0.004333,2.227273,0.069491,0.341075,0.536648,1.698773,1.001028,0.009615,0.003712
0.009227,0.004894,0.004333,2.227273,0.069491,0.341075,0.536648,1.698773,1.001028,0.009615,0.003712
0.009227,0.004894,0.004333,2.227273,0.069491,0.341075,0.536648,1.698773,1.001028,0.009615,0.003712
0.009227,0.004894,0.004333,2.227273,0.069491,0.341075,0.536648,1.698773,1.001028,0.009615,0.003712
0.009227,0.004894,0.004333,2.227273,0.069491,0.341075,0.536648,1.698773,1.001028,0.009615,0.003712
0.009178,0.005071,0.004107,2.199674,0.072774,0.340466,0.531660,1.635851,1.001323,0.030148,0.005607
0.009178,0.005071,0.004107,2.199674,0.072774,0.340466,0.531660,1.635851,1.001323,0.030148,0.005607
0.009178,0.005071,0.004107,2.199674,0.072774,0.340466,0.531660,1.635851,1.001323,0.030148,0.005607
0.009178,0.005071,0.004107,2.199674,0.072774,0.340466,0.531660,1.635851,1.001323,0.030148,0.005607
0.009178,0.005071,0.004107,2.199674,0.072774,0.340466,0.531660,1.635851,1.001323,0.030148,0.005607
0.009178,0.005071,0.004107,2.199674,0.072774,0.340466,0.531660,1.635851,1.001323,0.030148,0.005607
0.009178,0.005071,0.004107,2.199674,0.072774,0.340466,0.531660,1.635851,1.001323,0.030148,0.005607
0.009178,0.005071,0.004107,2.199674,0.072774,0.340466,0.531660,1.635851,1.001323,0.030148,0.005607
0.009178,0.005071,0.004107,2.199674,0.072774,0.340466,0.531660,1.635851,1.001323,0.030148,0.005607
0.009126,0.005338,0.003787,2.251760,0.080688,0.339147,0.514223,1.522292,1.001021,0.029080,0.005496
0.009126,0.005338,0.003787,2.251760,0.080688,0.339147,0.514223,1.522292,1.001021,0.029080,0.005496
0.009126,0.005338,0.003787,2.251760,0.080688,0.339147,0.514223,1.522292,1.001021,0.029080,0.005496
0.009126,0.005338,0.003787,2.251760,0.080688,0.339147,0.514223,1.522292,1.001021,0.029080,0.005496
0.009126,0.005338,0.003787,2.251760,0.080688,0.339147,0.514223,1.522292,1.001021,0.029080,0.005496
0.009126,0.005338,0.003787,2.251760,0.080688,0.339147,0.514223,1.522292,1.001021,0.029080,0.005496
0.009126,0.005338,0.003787,2.251760,0.080688,0.339147,0.514223,1.522292,1.001021,0.029080,0.005496
0.009126,0.005338,0.003787,2.251760,0.080688,0.339147,0.514223,1.522292,1.001021,0.029080,0.005496
0.009126,0.005338,0.003787,2.251760,0.080688,0.339147,0.514223,1.522292,1.001021,0.029080,0.005496
0.009086,0.005222,0.003864,2.190244,0.078027,0.339356,0.521813,1.561678,1.001415,0.038054,0.005059
0.009086,0.005222,0.003864,2.190244,0.078027,0.339356,0.521813,1.561678,1.001415,0.038054,0.005059
0.009086,0.005222,0.003864,2.190244,0.078027,0.339356,0.521813,1.561678,1.001415,0.038054,0.005059
0.009086,0.005222,0.003864,2.190244,0.078027,0.339356,0.521813,1.561678,1.001415,0.038054,0.005059
0.009086,0.005222,0.003864,2.190244,0.078027,0.339356,0.521813,1.561678,1.001415,0.038054,0.005059
0.009086,0.005222,0.003864,2.190244,0.078027,0.339356,0.521813,1.561678,1.001415,0.038054,0.005059
0.009086,0.005222,0.003864,2.190244,0.078027,0.339356,0.521813,1.561678,1.001415,0.038054,0.005059
0.009086,0.005222,0.003864,2.190244,0.078027,0.339356,0.521813,1.561678,1.001415,0.038054,0.005059
0.009086,0.005222,0.003864,2.190244,0.078027,0.339356,0.521813,1.561678,1.001415,0.038054,0.005059
0.009061,0.005250,0.003811,2.130877,0.077554,0.338689,0.525025,1.557433,1.001799,0.050194,0.004074
0.009061,0.005250,0.003811,2.130877,0.077554,0.338689,0.525025,1.557433,1.001799,0.050194,0.004074
0.009061,0.005250,0.003811,2.130877,0.077554,0.338689,0.525025,1.557433,1.001799,0.050194,0.004074
0.009061,0.005250,0.003811,2.130877,0.077554,0.338689,0.525025,1.557433,1.001799,0.050194,0.004074
0.009061,0.005250,0.003811,2.130877,0.077554,0.338689,0.525025,1.557433,1.001799,0.050194,0.004074
0.009061,0.005250,0.003811,2.130877,0.077554,0.338689,0.525025,1.557433,1.001799,0.050194,0.004074
0.009061,0.005250,0.003811,2.130877,0.077554,0.338689,0.525025,1.557433,1.001799,0.050194,0.004074
0.009061,0.005250,0.003811,2.130877,0.077554,0.338689,0.525025,1.557433,1.001799,0.050194,0.004074
0.009061,0.005250,0.003811,2.130877,0.077554,0.338689,0.525025,1.557433,1.001799,0.050194,0.004074
0.009010,0.005132,0.003878,2.053507,0.073764,0.338138,0.534510,1.596680,1.002114,0.055537,0.001665
0.009010,0.005132,0.003878,2.053507,0.073764,0.338138,0.534510,1.596680,1.002114,0.055537,0.001665
0.009010,0.005132,0.003878,2.053507,0.073764,0.338138,0.534510,1.596680,1.002114,0.055537,0.001665
0.009010,0.005132,0.003878,2.053507,0.073764,0.338138,0.534510,1.596680,1.002114,0.055537,0.001665
0.009010,0.005132,0.003878,2.053507,0.073764,0.338138,0.534510,1.596680,1.002114,0.055537,0.001665
0.009010,0.005132,0.003878,2.053507,0.073764,0.338138,0.534510,1.596680,1.002114,0.055537,0.001665
0.009010,0.005132,0.003878,2.053507,0.073764,0.338138,0.534510,1.596680,1.002114,0.055537,0.001665
0.009010,0.005132,0.003878,2.053507,0.073764,0.338138,0.534510,1.596680,1.002114,0.055537,0.001665
0.009010,0.005132,0.003878,2.053507,0.073764,0.338138,0.534510,1.596680,1.002114,0.055537,0.001665
0.008937,0.005216,0.003721,1.956178,0.072788,0.335762,0.540310,1.565433,1.002323,0.068987,0.000010
0.008937,0.005216,0.003721,1.956178,0.072788,0.335762,0.540310,1.565433,1.002323,0.068987,0.000010
0.008937,0.005216,0.003721,1.956178,0.072788,0.335762,0.540310,1.565433,1.002323,0.068987,0.000010
0.008937,0.005216,0.003721,1.956178,0.072788,0.335762,0.540310,1.565433,1.002323,0.068987,0.000010
0.008937,0.005216,0.003721,1.956178,0.072788,0.335762,0.540310,1.565433,1.002323,0.068987,0.000010
0.008937,0.005216,0.003721,1.956178,0.072788,0.335762,0.540310,1.565433,1.002323,0.068987,0.000010
0.008937,0.005216,0.003721,1.956178,0.072788,0.335762,0.540310,1.565433,1.002323,0.068987,0.000010
0.008937,0.005216,0.003721,1.956178,0.072788,0.335762,0.540310,1.565433,1.002323,0.068987,0.000010
0.008937,0.005216,0.003721,1.956178,0.072788,0.335762,0.540310,1.565433,1.002323,0.068987,0.000010
0.008890,0.005365,0.003525,1.870172,0.074700,0.333557,0.542601,1.516699,1.002312,0.079756,0.000010
0.008890,0.005365,0.003525,1.870172,0.074700,0.333557,0.542601,1.516699,1.002312,0.079756,0.000010
0.008890,0.005365,0.003525,1.870172,0.074700,0.333557,0.542601,1.516699,1.002312,0.079756,0.000010
0.008890,0.005365,0.003525,1.870172,0.074700,0.333557,0.542601,1.516699,1.002312,0.079756,0.000010
0.008890,0.005365,0.003525,1.870172,0.074700,0.333557,0.542601,1.516699,1.002312,0.079756,0.000010
0.008890,0.005365,0.003525,1.870172,0.074700,0.333557,0.542601,1.516699,1.002312,0.079756,0.000010
0.008890,0.005365,0.003525,1.870172,0.074700,0.333557,0.542601,1.516699,1.002312,0.079756,0.000010
0.008890,0.005365,0.003525,1.870172,0.074700,0.333557,0.542601,1.516699,1.002312,0.079756,0.000010
0.008890,0.005365,0.003525,1.870172,0.074700,0.333557,0.542601,1.516699,1.002312,0.079756,0.000010
0.008858,0.005532,0.003326,1.781237,0.075823,0.331660,0.544291,1.465806,1.002293,0.088799,0.000010
0.008858,0.005532,0.003326,1.781237,0.075823,0.331660,0.544291,1.465806,1.002293,0.088799,0.000010
0.008858,0.005532,0.003326,1.781237,0.075823,0.331660,0.544291,1.465806,1.002293,0.088799,0.000010
0.008858,0.005532,0.003326,1.781237,0.075823,0.331660,0.544291,1.465806,1.002293,0.088799,0.000010
0.008858,0.005532,0.003326,1.781237,0.075823,0.331660,0.544291,1.465806,1.002293,0.088799,0.000010
0.008858,0.005532,0.003326,1.781237,0.075823,0.331660,0.544291,1.465806,1.002293,0.088799,0.000010
0.008858,0.005532,0.003326,1.781237,0.075823,0.331660,0.544291,1.465806,1.002293,0.088799,0.000010
0.008858,0.005532,0.003326,1.781237,0.075823,0.331660,0.544291,1.465806,1.002293,0.088799,0.000010
0.008858,0.005532,0.003326,1.781237,0.075823,0.331660,0.544291,1.465806,1.002293,0.088799,0.000010
0.008842,0.005785,0.003057,1.719827,0.079911,0.329966,0.539983,1.380918,1.002358,0.097042,0.000010
0.008842,0.005785,0.003057,1.719827,0.079911,0.329966,0.539983,1.380918,1.002358,0.097042,0.000010
0.008842,0.005785,0.003057,1.719827,0.079911,0.329966,0.539983,1.380918,1.002358,0.097042,0.000010
0.008842,0.005785,0.003057,1.719827,0.079911,0.329966,0.539983,1.380918,1.002358,0.097042,0.000010
0.008842,0.005785,0.003057,1.719827,0.079911,0.329966,0.539983,1.380918,1.002358,0.097042,0.000010
0.008842,0.005785,0.003057,1.719827,0.079911,0.329966,0.539983,1.380918,1.002358,0.097042,0.000010
0.008842,0.005785,0.003057,1.719827,0.079911,0.329966,0.539983,1.380918,1.002358,0.097042,0.000010
0.008842,0.005785,0.003057,1.719827,0.079911,0.329966,0.539983,1.380918,1.002358,0.097042,0.000010
0.008842,0.005785,0.003057,1.719827,0.079911,0.329966,0.539983,1.380918,1.002358,0.097042,0.000010
0.008863,0.006217,0.002647,1.662983,0.087189,0.328189,0.529829,1.239162,1.002127,0.096658,0.000604
0.008824,0.005937,0.002887,1.697025,0.082830,0.329253,0.535910,1.324056,1.002265,0.096888,0.000248
0.008824,0.005937,0.002887,1.697025,0.082830,0.329253,0.535910,1.324056,1.002265,0.096888,0.000248
0.008824,0.005937,0.002887,1.697025,0.082830,0.329253,0.535910,1.324056,1.002265,0.096888,0.000248
0.008824,0.005937,0.002887,1.697025,0.082830,0.329253,0.535910,1.324056,1.002265,0.096888,0.000248
0.008824,0.005937,0.002887,1.697025,0.082830,0.329253,0.535910,1.324056,1.002265,0.096888,0.000248
0.008824,0.005937,0.002887,1.697025,0.082830,0.329253,0.535910,1.324056,1.002265,0.096888,0.000248
0.008824,0.005937,0.002887,1.697025,0.082830,0.329253,0.535910,1.324056,1.002265,0.096888,0.000248
0.008824,0.005937,0.002887,1.697025,0.082830,0.329253,0.535910,1.324056,1.002265,0.096888,0.000248
0.008824,0.005937,0.002887,1.697025,0.082830,0.329253,0.535910,1.324056,1.002265,0.096888,0.000248
0.008798,0.005950,0.002848,1.655239,0.083556,0.329488,0.537172,1.318224,1.002671,0.097847,0.000010
0.008798,0.005950,0.002848,1.655239,0.083556,0.329488,0.537172,1.318224,1.002671,0.097847,0.000010
0.008798,0.005950,0.002848,1.655239,0.083556,0.329488,0.537172,1.318224,1.002671,0.097847,0.000010
0.008798,0.005950,0.002848,1.655239,0.083556,0.329488,0.537172,1.318224,1.002671,0.097847,0.000010
0.008798,0.005950,0.002848,1.655239,0.083556,0.329488,0.537172,1.318224,1.002671,0.097847,0.000010
0.008798,0.005950,0.002848,1.655239,0.083556,0.329488,0.537172,1.318224,1.002671,0.097847,0.000010
0.008798,0.005950,0.002848,1.655239,0.083556,0.329488,0.537172,1.318224,1.002671,0.097847,0.000010
0.008798,0.005950,0.002848,1.655239,0.083556,0.329488,0.537172,1.318224,1.002671,0.097847,0.000010
0.008798,0.005950,0.002848,1.655239,0.083556,0.329488,0.537172,1.318224,1.002671,0.097847,0.000010
0.008749,0.006005,0.002745,1.659709,0.088680,0.330819,0.531195,1.279975,1.003550,0.092389,0.000010
0.008749,0.006005,0.002745,1.659709,0.088680,0.330819,0.531195,1.279975,1.003550,0.092389,0.000010
0.008749,0.006005,0.002745,1.659709,0.088680,0.330819,0.531195,1.279975,1.003550,0.092389,0.000010
0.008749,0.006005,0.002745,1.659709,0.088680,0.330819,0.531195,1.279975,1.003550,0.092389,0.000010
0.008749,0.006005,0.002745,1.659709,0.088680,0.330819,0.531195,1.279975,1.003550,0.092389,0.000010
0.008749,0.006005,0.002745,1.659709,0.088680,0.330819,0.531195,1.279975,1.003550,0.092389,0.000010
0.008749,0.006005,0.002745,1.659709,0.088680,0.330819,0.531195,1.279975,1.003550,0.092389,0.000010
0.008749,0.006005,0.002745,1.659709,0.088680,0.330819,0.531195,1.279975,1.003550,0.092389,0.000010
0.008749,0.006005,0.002745,1.659709,0.088680,0.330819,0.531195,1.279975,1.003550,0.092389,0.000010
0.008676,0.006103,0.002572,1.669164,0.098469,0.333429,0.522510,1.212310,1.005584,0.080017,0.000010
0.008676,0.006103,0.002572,1.669164,0.098469,0.333429,0.522510,1.212310,1.005584,0.080017,0.000010
0.008676,0.006103,0.002572,1.669164,0.098469,0.333429,0.522510,1.212310,1.005584,0.080017,0.000010
0.008676,0.006103,0.002572,1.669164,0.098469,0.333429,0.522510,1.212310,1.005584,0.080017,0.000010
0.008676,0.006103,0.002572,1.669164,0.098469,0.333429,0.522510,1.212310,1.005584,0.080017,0.000010
0.008676,0.006103,0.002572,1.669164,0.098469,0.333429,0.522510,1.212310,1.005584,0.080017,0.000010
0.008676,0.006103,0.002572,1.669164,0.098469,0.333429,0.522510,1.212310,1.005584,0.080017,0.000010
0.008676,0.006103,0.002572,1.669164,0.098469,0.333429,0.522510,1.212310,1.005584,0.080017,0.000010
0.008676,0.006103,0.002572,1.669164,0.098469,0.333429,0.522510,1.212310,1.005584,0.080017,0.000010
0.008590,0.006261,0.002328,1.610052,0.108711,0.335215,0.519617,1.122976,1.008342,0.069491,0.000010
0.008590,0.006261,0.002328,1.610052,0.108711,0.335215,0.519617,1.122976,1.008342,0.069491,0.000010
0.008590,0.006261,0.002328,1.610052,0.108711,0.335215,0.519617,1.122976,1.008342,0.069491,0.000010
0.008590,0.006261,0.002328,1.610052,0.108711,0.335215,0.519617,1.122976,1.008342,0.069491,0.000010
0.008590,0.006261,0.002328,1.610052,0.108711,0.335215,0.519617,1.122976,1.008342,0.069491,0.000010
0.008590,0.006261,0.002328,1.610052,0.108711,0.335215,0.519617,1.122976,1.008342,0.069491,0.000010
0.008590,0.006261,0.002328,1.610052,0.108711,0.335215,0.519617,1.122976,1.008342,0.069491,0.000010
0.008590,0.006261,0.002328,1.610052,0.108711,0.335215,0.519617,1.122976,1.008342,0.069491,0.000010
0.008590,0.006261,0.002328,1.610052,0.108711,0.335215,0.519617,1.122976,1.008342,0.069491,0.000010
0.008436,0.006588,0.001848,1.390698,0.127858,0.336796,0.524861,0.937555,1.014388,0.054943,0.000010
0.008436,0.006588,0.001848,1.390698,0.127858,0.336796,0.524861,0.937555,1.014388,0.054943,0.000010
0.008436,0.006588,0.001848,1.390698,0.127858,0.336796,0.524861,0.937555,1.014388,0.054943,0.000010
0.008436,0.006588,0.001848,1.390698,0.127858,0.336796,0.524861,0.937555,1.014388,0.054943,0.000010
0.008436,0.006588,0.001848,1.390698,0.127858,0.336796,0.524861,0.937555,1.014388,0.054943,0.000010
0.008436,0.006588,0.001848,1.390698,0.127858,0.336796,0.524861,0.937555,1.014388,0.054943,0.000010
0.008436,0.006588,0.001848,1.390698,0.127858,0.336796,0.524861,0.937555,1.014388,0.054943,0.000010
0.008436,0.006588,0.001848,1.390698,0.127858,0.336796,0.524861,0.937555,1.014388,0.054943,0.000010
0.008436,0.006588,0.001848,1.390698,0.127858,0.336796,0.524861,0.937555,1.014388,0.054943,0.000010
0.008377,0.006523,0.001854,1.289716,0.134810,0.339671,0.544689,0.956622,1.019330,0.035458,0.000010
0.008377,0.006523,0.001854,1.289716,0.134810,0.339671,0.544689,0.956622,1.019330,0.035458,0.000010
0.008377,0.006523,0.001854,1.289716,0.134810,0.339671,0.544689,0.956622,1.019330,0.035458,0.000010
0.008377,0.006523,0.001854,1.289716,0.134810,0.339671,0.544689,0.956622,1.019330,0.035458,0.000010
0.008377,0.006523,0.001854,1.289716,0.134810,0.339671,0.544689,0.956622,1.019330,0.035458,0.000010
0.008377,0.006523,0.001854,1.289716,0.134810,0.339671,0.544689,0.956622,1.019330,0.035458,0.000010
0.008377,0.006523,0.001854,1.289716,0.134810,0.339671,0.544689,0.956622,1.019330,0.035458,0.000010
0.008377,0.006523,0.001854,1.289716,0.134810,0.339671,0.544689,0.956622,1.019330,0.035458,0.000010
0.008377,0.006523,0.001854,1.289716,0.134810,0.339671,0.544689,0.956622,1.019330,0.035458,0.000010
0.009989,0.008310,0.001678,0.797410,0.145688,0.338640,0.605778,0.922408,1.029701,0.025535,0.000010
0.008306,0.006482,0.001824,1.223308,0.136278,0.339531,0.552930,0.952007,1.020729,0.034119,0.000010
0.008306,0.006482,0.001824,1.223308,0.136278,0.339531,0.552930,0.952007,1.020729,0.034119,0.000010
0.008306,0.006482,0.001824,1.223308,0.136278,0.339531,0.552930,0.952007,1.020729,0.034119,0.000010
0.008306,0.006482,0.001824,1.223308,0.136278,0.339532,0.552930,0.952007,1.020729,0.034119,0.000010
0.008306,0.006482,0.001824,1.223308,0.136278,0.339531,0.552930,0.952007,1.020729,0.034119,0.000010
0.008306,0.006482,0.001824,1.223308,0.136278,0.339531,0.552930,0.952007,1.020729,0.034119,0.000010
0.008306,0.006482,0.001824,1.223308,0.136278,0.339531,0.552930,0.952007,1.020729,0.034119,0.000010
0.008306,0.006482,0.001824,1.223308,0.136278,0.339531,0.552930,0.952007,1.020729,0.034120,0.000010
0.008306,0.006482,0.001824,1.223308,0.136278,0.339531,0.552930,0.952007,1.020729,0.034119,0.000010
0.008236,0.006446,0.001790,1.040464,0.135882,0.337862,0.588884,0.959709,1.025677,0.026045,0.001015
0.008236,0.006446,0.001790,1.040464,0.135882,0.337862,0.588884,0.959709,1.025677,0.026045,0.001015
0.008236,0.006446,0.001790,1.040464,0.135882,0.337862,0.588884,0.959709,1.025677,0.026045,0.001015
0.008236,0.006446,0.001790,1.040464,0.135882,0.337862,0.588884,0.959709,1.025677,0.026045,0.001015
0.008236,0.006446,0.001790,1.040464,0.135882,0.337862,0.588884,0.959709,1.025677,0.026045,0.001015
0.008236,0.006446,0.001790,1.040464,0.135882,0.337862,0.588884,0.959709,1.025677,0.026045,0.001015
0.008236,0.006446,0.001790,1.040464,0.135882,0.337862,0.588884,0.959709,1.025677,0.026045,0.001015
0.008236,0.006446,0.001790,1.040464,0.135882,0.337862,0.588884,0.959709,1.025677,0.026045,0.001015
0.008236,0.006446,0.001790,1.040464,0.135882,0.337862,0.588884,0.959709,1.025677,0.026045,0.001015
0.008216,0.006320,0.001897,1.247778,0.129138,0.335958,0.571498,0.983939,1.021216,0.032211,0.001958
0.008139,0.006296,0.001843,1.149021,0.132351,0.336865,0.579780,0.972397,1.023341,0.029274,0.001509
0.008139,0.006296,0.001843,1.149021,0.132351,0.336865,0.579780,0.972397,1.023341,0.029274,0.001509
0.008139,0.006296,0.001843,1.149021,0.132351,0.336865,0.579780,0.972397,1.023341,0.029274,0.001509
0.008139,0.006296,0.001843,1.149021,0.132351,0.336865,0.579780,0.972397,1.023341,0.029274,0.001509
0.008139,0.006296,0.001843,1.149021,0.132351,0.336865,0.579780,0.972397,1.023341,0.029274,0.001509
0.008139,0.006296,0.001843,1.149021,0.132351,0.336865,0.579780,0.972397,1.023341,0.029274,0.001509
0.008139,0.006296,0.001843,1.149021,0.132351,0.336865,0.579780,0.972397,1.023341,0.029274,0.001509
0.008139,0.006296,0.001843,1.149021,0.132351,0.336865,0.579780,0.972397,1.023341,0.029274,0.001509
0.008139,0.006296,0.001843,1.149021,0.132351,0.336865,0.579780,0.972397,1.023341,0.029274,0.001509
0.008089,0.006207,0.001882,1.132345,0.128758,0.338495,0.585631,0.998780,1.024748,0.022037,0.001277
0.008089,0.006207,0.001882,1.132345,0.128758,0.338495,0.585631,0.998780,1.024748,0.022037,0.001277
0.008089,0.006207,0.001882,1.132345,0.128758,0.338495,0.585631,0.998780,1.024748,0.022037,0.001277
0.008089,0.006207,0.001882,1.132345,0.128758,0.338495,0.585631,0.998780,1.024748,0.022037,0.001277
0.008089,0.006207,0.001882,1.132345,0.128758,0.338495,0.585631,0.998780,1.024748,0.022037,0.001277
0.008089,0.006207,0.001882,1.132345,0.128758,0.338495,0.585631,0.998780,1.024748,0.022037,0.001277
0.008089,0.006207,0.001882,1.132345,0.128758,0.338495,0.585631,0.998780,1.024748,0.022037,0.001277
0.008089,0.006207,0.001882,1.132345,0.128758,0.338495,0.585631,0.998780,1.024748,0.022037,0.001277
0.008089,0.006207,0.001882,1.132345,0.128758,0.338495,0.585631,0.998780,1.024748,0.022037,0.001277
0.008048,0.006102,0.001946,1.106610,0.120694,0.338932,0.599683,1.038525,1.026508,0.014956,0.001367
0.008048,0.006102,0.001946,1.106610,0.120694,0.338932,0.599683,1.038525,1.026508,0.014956,0.001367
0.008048,0.006102,0.001946,1.106610,0.120694,0.338932,0.599683,1.038525,1.026508,0.014956,0.001367
0.008048,0.006102,0.001946,1.106610,0.120694,0.338932,0.599683,1.038525,1.026508,0.014956,0.001367
0.008048,0.006102,0.001946,1.106610,0.120694,0.338932,0.599683,1.038525,1.026508,0.014956,0.001367
0.008048,0.006102,0.001946,1.106610,0.120694,0.338932,0.599683,1.038525,1.026508,0.014956,0.001367
0.008048,0.006102,0.001946,1.106610,0.120694,0.338932,0.599683,1.038525,1.026508,0.014956,0.001367
0.008048,0.006102,0.001946,1.106610,0.120694,0.338932,0.599683,1.038525,1.026508,0.014956,0.001367
0.008048,0.006102,0.001946,1.106610,0.120694,0.338932,0.599683,1.038525,1.026508,0.014956,0.001367
0.008023,0.005772,0.002252,1.001133,0.088354,0.339782,0.654206,1.195376,1.032628,-0.007102,0.001360
0.008023,0.005772,0.002252,1.001133,0.088354,0.339782,0.654206,1.195376,1.032628,-0.007102,0.001360
0.008023,0.005772,0.002252,1.001133,0.088354,0.339782,0.654206,1.195376,1.032628,-0.007102,0.001360
0.008023,0.005772,0.002252,1.001133,0.088354,0.339782,0.654206,1.195376,1.032628,-0.007102,0.001360
0.008023,0.005772,0.002252,1.001133,0.088354,0.339782,0.654206,1.195376,1.032628,-0.007102,0.001360
0.008023,0.005772,0.002252,1.001133,0.088354,0.339782,0.654206,1.195376,1.032628,-0.007102,0.001360
0.008023,0.005772,0.002252,1.001133,0.088354,0.339782,0.654206,1.195376,1.032628,-0.007102,0.001360
0.008023,0.005772,0.002252,1.001133,0.088354,0.339782,0.654206,1.195376,1.032628,-0.007102,0.001360
0.008023,0.005772,0.002252,1.001133,0.088354,0.339782,0.654206,1.195376,1.032628,-0.007102,0.001360
0.007978,0.005901,0.002077,1.029840,0.102338,0.339184,0.637600,1.112535,1.031532,-0.004173,0.001492
0.007978,0.005901,0.002077,1.029840,0.102338,0.339184,0.637600,1.112535,1.031532,-0.004173,0.001492
0.007978,0.005901,0.002077,1.029840,0.102338,0.339184,0.637600,1.112535,1.031532,-0.004173,0.001492
0.007978,0.005901,0.002077,1.029840,0.102338,0.339184,0.637600,1.112535,1.031532,-0.004173,0.001492
0.007978,0.005901,0.002077,1.029840,0.102338,0.339184,0.637600,1.112535,1.031532,-0.004173,0.001492
0.007978,0.005901,0.002077,1.029840,0.102338,0.339184,0.637600,1.112535,1.031532,-0.004173,0.001492
0.007978,0.005901,0.002077,1.029840,0.102338,0.339184,0.637600,1.112535,1.031533,-0.004173,0.001492
0.007978,0.005901,0.002077,1.029840,0.102338,0.339184,0.637600,1.112535,1.031532,-0.004173,0.001492
0.007978,0.005901,0.002077,1.029840,0.102338,0.339184,0.637600,1.112535,1.031532,-0.004173,0.001492
0.007961,0.005882,0.002080,0.991986,0.102017,0.339208,0.647143,1.115397,1.033148,-0.009239,0.001334
0.007961,0.005882,0.002080,0.991986,0.102017,0.339208,0.647143,1.115397,1.033148,-0.009239,0.001334
0.007961,0.005882,0.002080,0.991986,0.102017,0.339208,0.647143,1.115397,1.033148,-0.009239,0.001334
0.007961,0.005882,0.002080,0.991986,0.102017,0.339208,0.647143,1.115397,1.033148,-0.009239,0.001334
0.007961,0.005882,0.002080,0.991986,0.102017,0.339208,0.647143,1.115397,1.033148,-0.009239,0.001334
0.007961,0.005882,0.002080,0.991986,0.102017,0.339208,0.647143,1.115397,1.033148,-0.009239,0.001334
0.007961,0.005882,0.002080,0.991986,0.102017,0.339208,0.647143,1.115397,1.033148,-0.009239,0.001334
0.007961,0.005882,0.002080,0.991986,0.102017,0.339208,0.647143,1.115397,1.033148,-0.009239,0.001334
0.007961,0.005882,0.002080,0.991986,0.102017,0.339208,0.647143,1.115397,1.033148,-0.009239,0.001334
0.007953,0.005818,0.002135,0.919075,0.098307,0.338904,0.672681,1.139036,1.036893,-0.021939,0.000963
0.007953,0.005818,0.002135,0.919075,0.098307,0.338904,0.672681,1.139036,1.036893,-0.021939,0.000963
0.007953,0.005818,0.002135,0.919075,0.098307,0.338904,0.672681,1.139036,1.036893,-0.021939,0.000963
0.007953,0.005818,0.002135,0.919075,0.098307,0.338904,0.672681,1.139036,1.036893,-0.021939,0.000963
0.007953,0.005818,0.002135,0.919075,0.098307,0.338904,0.672681,1.139036,1.036893,-0.021939,0.000963
0.007953,0.005818,0.002135,0.919075,0.098307,0.338904,0.672681,1.139036,1.036893,-0.021939,0.000963
0.007953,0.005818,0.002135,0.919075,0.098307,0.338904,0.672681,1.139036,1.036893,-0.021939,0.000963
0.007953,0.005818,0.002135,0.919075,0.098307,0.338904,0.672681,1.139036,1.036893,-0.021939,0.000963
0.007953,0.005818,0.002135,0.919075,0.098307,0.338904,0.672681,1.139036,1.036893,-0.021939,0.000963
0.007946,0.005824,0.002122,0.940936,0.100141,0.338758,0.666904,1.131843,1.036017,-0.019204,0.000879
0.007946,0.005824,0.002122,0.940936,0.100141,0.338758,0.666904,1.131843,1.036017,-0.019204,0.000879
0.007946,0.005824,0.002122,0.940936,0.100141,0.338758,0.666904,1.131843,1.036017,-0.019204,0.000879
0.007946,0.005824,0.002122,0.940936,0.100141,0.338758,0.666904,1.131843,1.036017,-0.019204,0.000879
0.007946,0.005824,0.002122,0.940936,0.100141,0.338758,0.666904,1.131843,1.036017,-0.019204,0.000879
0.007946,0.005824,0.002122,0.940936,0.100141,0.338758,0.666904,1.131843,1.036017,-0.019204,0.000879
0.007946,0.005824,0.002122,0.940936,0.100141,0.338758,0.666904,1.131843,1.036017,-0.019204,0.000879
0.007946,0.005824,0.002122,0.940936,0.100141,0.338758,0.666904,1.131843,1.036017,-0.019204,0.000879
0.007946,0.005824,0.002122,0.940936,0.100141,0.338758,0.666904,1.131843,1.036017,-0.019204,0.000879
0.007944,0.005849,0.002095,0.914656,0.101503,0.338770,0.672629,1.118824,1.037394,-0.024177,0.000645
0.007944,0.005849,0.002095,0.914656,0.101503,0.338770,0.672629,1.118824,1.037394,-0.024177,0.000645
0.007944,0.005849,0.002095,0.914656,0.101503,0.338770,0.672629,1.118824,1.037394,-0.024177,0.000645
0.007944,0.005849,0.002095,0.914656,0.101503,0.338770,0.672629,1.118824,1.037394,-0.024177,0.000645
0.007944,0.005849,0.002095,0.914656,0.101503,0.338770,0.672629,1.118824,1.037394,-0.024177,0.000645
0.007944,0.005849,0.002095,0.914656,0.101503,0.338770,0.672629,1.118824,1.037394,-0.024177,0.000645
0.007944,0.005849,0.002095,0.914656,0.101503,0.338770,0.672629,1.118824,1.037394,-0.024177,0.000645
0.007944,0.005849,0.002095,0.914656,0.101503,0.338770,0.672629,1.118824,1.037394,-0.024177,0.000645
0.007944,0.005849,0.002095,0.914656,0.101503,0.338770,0.672629,1.118824,1.037394,-0.024177,0.000645
0.007941,0.005848,0.002092,0.898767,0.102312,0.338374,0.678269,1.115593,1.038216,-0.026738,0.000326
0.007941,0.005848,0.002092,0.898767,0.102312,0.338374,0.678269,1.115593,1.038216,-0.026738,0.000326
0.007941,0.005848,0.002092,0.898767,0.102312,0.338374,0.678269,1.115593,1.038216,-0.026738,0.000326
0.007941,0.005848,0.002092,0.898767,0.102312,0.338374,0.678269,1.115593,1.038216,-0.026738,0.000326
0.007941,0.005848,0.002092,0.898767,0.102312,0.338374,0.678269,1.115593,1.038216,-0.026738,0.000326
0.007941,0.005848,0.002092,0.898767,0.102312,0.338374,0.678269,1.115593,1.038216,-0.026738,0.000326
0.007941,0.005848,0.002092,0.898767,0.102312,0.338374,0.678269,1.115593,1.038216,-0.026738,0.000326
0.007941,0.005848,0.002092,0.898767,0.102312,0.338374,0.678269,1.115593,1.038216,-0.026738,0.000326
0.007941,0.005848,0.002092,0.898767,0.102312,0.338374,0.678269,1.115593,1.038216,-0.026738,0.000326
