date,cost,rmse,penalty,KAPPA,RHO,V0,VBAR,XI,LAMBDA,MU_Y,SIGMA_Y,MU_V
20190527,0.039054226835992335,0.03625499,0.002799240498608989,2.693211,-0.00412,1.071108,0.4288,0.093817,1.242959,0.029071,1e-05,0.001628
20190427,0.01650196090002307,0.01477302,0.0017289453540723675,2.6017200000000003,0.057578,0.28525700000000004,0.50171,0.08886000000000001,1.280167,-0.010113,1e-05,0.040488
20190407,0.03098761222818832,0.02929128,0.0016963344023438163,2.5931,-0.012761,0.546443,0.206938,0.091917,1.252984,-0.000297,1e-05,0.009058
20190408,0.047978753478855836,0.04623795,0.0017408026932224903,2.60659,0.003251,0.595634,0.13772,0.089196,1.255007,0.003637,1e-05,0.004021
20190406,0.024219108201053885,0.02253143,0.0016876808468566464,2.599955,-0.010281,0.537903,0.190934,0.094108,1.253935,0.001358,1e-05,0.007504999999999999
20190419,0.01715092290937149,0.01405956,0.0030913598611624835,2.634745,0.271198,0.229046,0.463401,0.83301,1.261572,-0.025277,1e-05,0.323794
20190401,0.011918909584338538,0.01016549,0.001753415600362441,2.6302790000000003,-0.004007999999999999,0.160025,0.39346,0.090593,1.274174,0.134511,0.00049,0.105383
20190409,0.01314601858299029,0.01145774,0.0016882821778580154,2.594247,-0.008369,0.518682,0.252996,0.092232,1.261569,0.001161,1e-05,0.007101000000000001
20190415,0.015645821723698418,0.01347554,0.0021702865912470635,2.579552,-0.026982,0.200413,0.402028,0.064327,1.247671,0.250252,1e-05,0.03648
20190405,0.033140442093069815,0.03140997,0.0017304761665249526,2.616993,-0.006445,0.583708,0.106008,0.091386,1.247614,-0.001644,1e-05,0.003933
20190418,0.012201846994021362,0.00975074,0.002451106156655105,2.8853560000000003,0.096119,0.200854,0.381673,0.34332,1.240233,0.197428,1e-05,0.220085
20190515,0.030328454521013994,0.02725593,0.0030725200080539204,2.731126,0.054666,1.187578,0.36391,0.086934,1.235699,0.00704,1e-05,0.027973
20190426,0.014492693232516602,0.01393024,0.0005624500703065882,1.397299,0.028913,0.353978,1e-05,0.193669,1.274755,0.008907,1e-05,0.665654
20190416,0.014184485594234334,0.01189924,0.002285244123337762,2.745669,-0.033298,0.197821,0.393997,0.034532,1.277995,0.23892600000000006,1e-05,0.011545
20190402,0.04566343855721313,0.04415211,0.0015113295027388634,2.489777,-0.038851,0.409304,0.138233,0.08125800000000001,1.259186,-0.079496,1e-05,0.041633
20190610,0.007569999459185972,0.00542806,0.002141942742765625,1.842209,-0.080039,0.557422,1e-05,1.04302,1.425052,-0.007234999999999998,1e-05,0.953334
20190423,0.013647596989944631,0.01341763,0.0002299632689796869,0.742123,-0.024341,0.326815,1e-05,0.077823,1.119656,0.010122,1e-05,0.66598
20190528,0.02801387802095537,0.02516708,0.002846793324227967,2.666853,0.048275,0.982799,0.33392,0.130813,1.260841,0.17508800000000002,1e-05,0.08856900000000001
20190411,0.009874712659699069,0.00910646,0.0007682568609920426,1.698029,0.006318,0.402248,1e-05,0.151455,1.234569,-0.025407,1e-05,0.629549
20190403,0.06519164835990418,0.05941123,0.005780422608129695,5.153731,-0.013596,0.6358050000000001,0.134422,0.196902,1.192449,-0.023018,1e-05,0.013466
20190421,0.012645254209593641,0.01176148,0.0008837744137756998,1.319044,0.107957,0.244155,1e-05,0.40634,1.234654,0.139473,1e-05,0.986045
20190404,0.044712531908292566,0.03805081,0.0066617181367986025,5.494699,0.010268,0.74846,0.197594,0.150097,1.1671129999999998,-0.007453,1e-05,0.020012
20190609,0.014690777706191004,0.01381208,0.000878700767126684,1.582469,0.046632,0.514505,1e-05,0.256314,1.218913,-0.050697000000000006,1e-05,0.943592
20190424,0.009071803526167764,0.00823598,0.0008358282493856647,1.364217,0.073921,0.32173,1e-05,0.496509,1.233715,-0.07677,1e-05,0.85601
20190503,0.01011302709494317,0.00906275,0.0010502763303627007,1.566047,0.012157,0.364875,1e-05,0.651586,1.333322,-0.007741,1e-05,0.707038
20190501,0.008581003659008098,0.00696122,0.0016197864906499016,1.977001,0.0741,0.27833600000000003,1e-05,0.557291,1.309705,0.198778,1e-05,0.7901100000000001
20190511,0.04668219995057904,0.0433853,0.0032969049360781,1.98353,0.010028,0.580186,1e-05,1.473831,1.175655,-0.004755,1e-05,0.839996
20190502,0.01680627757529351,0.01600771,0.0007985674555455065,1.363521,0.105504,0.343951,1e-05,0.443295,1.220981,0.007783,1e-05,0.68758
20190520,0.02502970194816004,0.02051372,0.0045159772667244654,2.37474,0.277866,1.090322,0.132125,1.184541,1.250648,0.025710000000000004,1e-05,0.352101
20190508,0.03190783970137672,0.03111904,0.0007887986182593276,1.698523,0.005441,0.453407,1e-05,0.074025,1.234122,0.006701,1e-05,0.543573
20190611,0.009537574837188657,0.00769093,0.00184664933014842,1.7289290000000002,0.055361,0.500631,1e-05,0.642309,1.064039,-0.235578,1e-05,0.992271
20190612,0.008402293031992684,0.0060215,0.0023807935705357232,1.597487,-0.19053,0.456645,1e-05,0.7861640000000001,1.01846,0.260923,1e-05,1.092392
20190530,0.02616599905462565,0.02291831,0.003247688100545943,3.099191,0.063188,0.946303,1e-05,0.625369,1.466411,-0.004359,1e-05,1.293333
20190619,0.034355078041824375,0.03212824,0.0022268415789592575,1.7892689999999998,0.154818,0.772459,1e-05,0.8658899999999999,1.205828,0.006351,1e-05,0.695894
20190420,0.017832678562709415,0.0166146,0.0012180799616505202,0.568453,0.241864,0.252782,1e-05,0.707412,0.790606,-0.02035,1e-05,1.615088
20190414,0.0180729674852964,0.01508938,0.0029835871824570818,0.689254,0.334983,0.233981,1e-05,0.957864,0.882458,-0.28181300000000004,1e-05,0.73679
20190422,0.013664398493482279,0.012740999999999999,0.0009233950726263836,0.914892,0.173335,0.262829,1e-05,0.577012,1.115338,0.073155,1e-05,0.985593
20190603,0.01765987939837017,0.01384062,0.0038192627742733493,1.809023,0.235412,0.601136,1e-05,1.0578459999999998,1.442445,-0.33617800000000003,1e-05,0.65323
20190412,0.007248127569030143,0.0058729,0.0013752304967288432,1.038574,-0.040616,0.325262,1e-05,0.779274,0.7948390000000001,0.20735100000000006,1e-05,0.898035
20190510,0.022287901104698284,0.01984576,0.0024421416740701106,1.50402,0.160487,0.379941,1e-05,1.006032,1.215518,-0.23994,1e-05,0.673856
20190602,0.016300752694526115,0.01435667,0.0019440809851859547,1.674881,-0.02706,0.671191,1e-05,0.53922,1.14097,0.251884,1e-05,0.8714799999999999
20190523,0.01987515488930252,0.01721373,0.0026614281549219303,1.710121,0.185054,0.8523379999999999,1e-05,1.003633,1.237329,-0.005643,1e-05,0.718849
20190506,0.017233062822672767,0.01627862,0.0009544451241450931,1.939505,-0.011408,0.425192,1e-05,0.141032,1.329971,-0.003598,1e-05,0.6022930000000001
20190524,0.012206635420869236,0.00940346,0.002803171346786925,1.901298,0.028487,0.68106,1e-05,0.8422930000000001,1.331974,0.299795,1e-05,0.748938
20190413,0.012737567922122408,0.0113302,0.001407364918966874,0.215078,0.063096,0.316866,1e-05,1.121284,0.442816,-0.007883,1e-05,1.525906
20190608,0.017856883676857338,0.01498341,0.002873476198212821,1.480448,0.207521,0.47172,1e-05,0.819255,0.874288,-0.333284,1e-05,0.981455
20190410,0.014497915486457794,0.01257081,0.0019271078022533984,1e-05,-0.254488,0.284451,0.004309,0.8650700000000001,1.711523,0.21217600000000006,1e-05,0.090682
20190604,0.0083971331445548,0.00589039,0.0025067432870925464,1.94677,0.07888200000000001,0.78647,1e-05,1.033336,1.40406,0.004654,1e-05,0.942004
20190615,0.011423451332491528,0.00892039,0.002503064499996473,1.845955,0.091357,0.500504,1e-05,1.087562,1.20405,-0.174584,1e-05,1.1443299999999998
20190505,0.00899491080369577,0.0068311000000000005,0.002163810245634365,1.168551,0.09458,0.337538,1e-05,1.176376,0.8220540000000001,-0.174201,1e-05,1.226606
20190606,0.013940292260428876,0.01250301,0.0014372843457543358,1.810489,-0.025292,0.6524810000000001,1e-05,0.590672,1.285535,-0.0083,1e-05,0.961957
20190417,0.013972047419749566,0.01256514,0.001406908397159657,1.134713,0.02835,0.209217,0.01181,3.1e-05,0.515954,0.331269,0.000734,2.724428
20190507,0.024863277875970827,0.02192231,0.002940972337792602,1.395207,0.018667,0.430274,1e-05,1.537211,0.962344,0.001241,1e-05,1.07514
20190614,0.010844205060806343,0.00953414,0.0013100700271130032,1.597879,-0.008414,0.45119,1e-05,0.078527,0.911595,0.242689,1e-05,1.203357
20190504,0.011701053980315328,0.00898175,0.002719302366753415,1.001802,0.235755,0.311379,1e-05,1.15093,0.688345,-0.232632,1e-05,1.537584
20190509,0.01694378840652797,0.01405104,0.0028927508347080804,1.591465,0.051467,0.396515,1e-05,1.405347,1.386369,-0.150826,1e-05,0.6737810000000001
20190605,0.01311998548289338,0.00962551,0.003494477478437232,2.433952,0.013997999999999998,0.654196,1e-05,1.117559,1.804328,-0.251154,1e-05,0.777817
20190613,0.008912646139018572,0.00743496,0.0014776822316462644,1.145419,0.07835299999999999,0.523814,1e-05,0.6557569999999999,0.6493760000000001,-0.212013,1e-05,1.255102
20190429,0.01428328443696552,0.0125737,0.001709586705723076,1.566724,0.159577,0.345274,1e-05,0.919128,1.424195,-0.00048,1e-05,0.73916
20190525,0.009622730221826643,0.00666386,0.002958869064085092,1.737018,0.075455,0.7061529999999999,1e-05,1.087028,1.245559,0.248637,1e-05,0.954022
20190518,0.02708440657505088,0.02413123,0.002953174463979889,1.6230950000000002,0.157856,1.091501,1e-05,0.992752,1.297787,0.004111,1e-05,0.48204
20190522,0.01830449878707249,0.01466597,0.0036385247789426658,1.718347,0.226015,0.811251,1e-05,1.127687,1.360582,0.246445,1e-05,0.481759
20190601,0.010884598708601995,0.00853683,0.002347770890616651,1.666054,0.049582,0.676562,1e-05,0.822111,1.049654,0.251881,1e-05,1.059246
20190621,0.021047837961300275,0.01722086,0.003826973123988351,2.261119,0.160303,0.849549,1e-05,1.351144,1.328377,-0.003814,1e-05,0.912268
20190425,0.007098753711593936,0.00623931,0.0008594406578877251,0.894594,0.140695,0.323568,1e-05,0.598641,1.034257,-0.061938,1e-05,0.766621
20190430,0.006946882071221296,0.00570418,0.0012427000396941102,1.447842,0.097065,0.338413,1e-05,0.783886,1.29971,0.004837,1e-05,0.776618
20190607,0.018291149505168355,0.01650444,0.0017867047151721657,1.958809,0.003249,0.5071220000000001,1e-05,0.003516,1.0881120000000002,-0.276048,1e-05,1.183782
20190529,0.020026503212641246,0.01689832,0.003128180027681646,2.102435,0.17067000000000002,0.927449,1e-05,1.045223,1.418843,0.004433,1e-05,0.8507629999999999
20190428,0.014292807173968069,0.01095658,0.003336222292990343,0.6509659999999999,0.377819,0.244595,0.184366,0.959383,1.086081,-0.284564,1e-05,0.399968
20190531,0.008720580025064987,0.00633341,0.0023871725489570264,1.735673,0.153298,0.816465,1e-05,0.939207,1.235993,-0.009663,1e-05,0.913438
20190521,0.01434023176715325,0.01088796,0.0034522672846766,2.198729,0.059763,0.782414,1e-05,0.830959,1.449458,0.338675,1e-05,0.454891
20190617,0.029163790064374213,0.02160329,0.007560496034753709,5.3671989999999985,0.112471,0.791767,1e-05,0.886925,1.911775,0.160967,1e-05,1.511228
20190616,0.016575677787456517,0.01150996,0.005065714877318156,3.970996,0.087521,0.733418,1e-05,1.129446,1.1572440000000002,-0.046693,1e-05,2.125664
20190622,0.02671789936695881,0.02269014,0.004027761347928175,0.949431,0.295632,1.139633,1e-05,1.1645370000000002,1.344885,0.17849,1e-05,1e-05
20190514,0.038635292951405616,0.03056306,0.008072230566688373,4.856276,0.210038,1.265263,1e-05,1.143805,1.742625,-0.022821,1e-05,2.111797
20190517,0.021208904020417408,0.01542278,0.005786127875059915,3.749118,0.204524,1.091337,1e-05,1.024649,1.630342,0.17768699999999998,1e-05,1.388073
20190519,0.026914514269059067,0.02109574,0.005818770879299029,3.766501,0.227489,1.231635,1e-05,0.972632,1.762689,-0.010067,1e-05,1.1474
20190513,0.027855980427614304,0.02117835,0.006677633418405479,4.654057,0.163785,0.779953,1e-05,1.211933,1.302247,-0.004662,1e-05,2.244413
20190721,0.05540573814254224,0.04282376,0.012581974305064806,7.118867999999999,0.000676,1.488756,0.432574,0.0017760000000000005,1.454449,0.06541799999999999,1e-05,1.93865
20190711,0.04085116424822941,0.03841548,0.002435687176590321,2.163205,0.017718,1.218359,1e-05,0.109465,1.401959,0.00525,1e-05,1.085298
20190625,0.022405995906989124,0.01954956,0.0028564313524507357,1.585919,0.129259,0.839591,1e-05,0.8950549999999999,1.457213,0.260823,1e-05,0.879339
20190817,0.024347040223876286,0.02207095,0.0022760907556888072,1.610479,0.048016,0.851448,1e-05,0.536862,1.353156,0.268537,1e-05,0.670586
20190516,0.038680509292494884,0.03266314,0.006017374269320704,4.414325,0.158089,1.156537,1e-05,0.729683,1.481066,0.004308,1e-05,2.129646
20190815,0.03992704248549147,0.03746709,0.002459956601055352,1.863759,0.170933,1.049423,1e-05,0.6095010000000001,1.238218,-0.005267,1e-05,0.752092
20190818,0.02261326298493496,0.01897922,0.0036340424767488033,1.515998,0.247157,0.824866,1e-05,1.011577,1.3060120000000002,-0.293229,1e-05,0.781261
20190630,0.03006692153271302,0.02716069,0.002906233415889705,1.8008080000000002,0.208088,1.067598,1e-05,0.826528,1.831816,0.01315,1e-05,0.970107
20190829,0.026784891767678697,0.02523497,0.0015499225875020832,1.6630779999999998,0.066439,0.767415,1e-05,0.597596,1.238299,0.02563,1e-05,0.888072
20190825,0.009803120997119372,0.00676031,0.0030428152397751164,1.869163,0.023987,0.754731,1e-05,1.3295860000000002,1.4190120000000002,-0.009437,1e-05,1.01644
20190713,0.01406829373215901,0.01187982,0.0021884738995444487,1.508146,0.072156,0.968848,1e-05,0.587267,1.535588,0.199489,1e-05,0.8289129999999999
20190618,0.02917774375262163,0.02002123,0.009156518273169113,6.421005,-0.000651,0.954189,1e-05,1e-05,1.480596,0.004202,1e-05,3.053944
20190701,0.013431832045754908,0.0112596,0.0021722287798329482,1.7231919999999998,0.138498,1.008551,1e-05,0.606378,1.6913669999999998,-0.012896,1e-05,1.052705
20190512,0.046322445429256336,0.03664192,0.009680520801234115,5.910157,0.031191000000000007,0.988014,1e-05,1.306614,1.783448,-0.011784,1e-05,1.984304
20190627,0.04012025998562575,0.03533933,0.0047809274092046215,1.483865,0.239125,1.549632,1e-05,1.16811,1.547918,0.017055,1e-05,0.952007
20190624,0.015706474715604136,0.01275929,0.002947188617705593,1.327867,0.25460900000000003,0.903954,1e-05,1.031016,1.293597,-0.081338,1e-05,0.95698
20190707,0.018692888819046103,0.01610138,0.002591509924929977,1.4396639999999998,0.19991,0.949436,1e-05,0.935877,1.519814,-0.002245,1e-05,1.039201
20190628,0.037048508721513634,0.02427613,0.012772381457149415,7.062741,0.021578,1.636392,1e-05,0.275988,2.656739,0.061086,1e-05,3.019894
20190901,0.012581905143888244,0.00934486,0.003237047226546061,1.71873,0.190301,0.5660689999999999,1e-05,1.001922,1.44234,-0.309809,1e-05,0.719188
20190805,0.03177441174918708,0.02923769,0.002536718305950305,1.968955,0.112432,1.114919,1e-05,0.623694,1.383068,0.017077000000000002,1e-05,1.0328540000000002
20190709,0.011698594429553295,0.00827899,0.0034196077771579698,1.81093,0.173217,0.948538,1e-05,0.939671,1.664123,0.260954,1e-05,0.8099029999999999
20190705,0.021220920550619832,0.01821131,0.003009608512716514,1.603338,0.228418,1.013228,1e-05,0.944169,1.741882,0.074589,1e-05,0.859241
20190623,0.02082700538557866,0.0154796,0.00534740467344791,1.465939,0.278536,0.913282,1e-05,1.371209,1.315105,-0.377821,1e-05,0.818867
20190706,0.010695399843742386,0.00805314,0.002642257274198023,1.636794,0.140243,0.812438,1e-05,0.7336010000000001,1.6631,0.26674499999999995,1e-05,0.8522
20190708,0.01199198287773861,0.00955214,0.0024398416494332523,1.538598,0.174963,0.848324,1e-05,0.7146060000000001,1.563271,0.207352,1e-05,1.0531469999999998
20190729,0.015601924414340057,0.01395978,0.001642147984363004,1.45771,0.090815,0.943954,1e-05,0.492694,1.233009,-0.009463,1e-05,1.382566
20190730,0.02497962913510855,0.02288249,0.002097138682956784,1.764736,0.104277,1.001662,1e-05,0.600982,1.401499,-0.010181,1e-05,1.141898
20190820,0.008884024153686497,0.00755875,0.0013252751470458055,1.305917,0.010463,0.709756,1e-05,1e-05,1.30997,0.218939,1e-05,1.466094
20190620,0.02397855986416009,0.02005739,0.003921166781435334,1.091967,0.368941,0.517022,1e-05,1.336251,9.363757,-0.163901,1e-05,1e-05
20190814,0.017339021598283468,0.01508835,0.0022506749876247453,1.455461,0.201248,0.777511,1e-05,0.7728010000000001,1.716288,0.14840799999999998,1e-05,0.752359
20190723,0.04000484848320519,0.03153052,0.008474328582362354,5.747311,0.000656,1.3659999999999999,0.012777,0.020115,1.762289,-0.012175,1e-05,3.379627
20190819,0.01488021420826729,0.01273902,0.00214119128731615,1.416936,0.071613,0.764263,1e-05,0.459478,1.158536,0.298856,1e-05,0.95459
20190727,0.014394903280949122,0.01227588,0.0021190236515091386,1.580434,0.12781900000000002,0.959247,1e-05,0.731883,1.558304,-0.005325,1e-05,1.219226
20190702,0.015212772845612125,0.01151603,0.003696741563371704,2.196635,0.209715,1.224025,1e-05,0.8865280000000001,1.520006,-0.027797,1e-05,0.8796370000000001
20190703,0.020162404341046568,0.01680617,0.0033562319665032185,2.5114970000000003,0.163401,1.159231,1e-05,0.694272,1.6907599999999998,-0.013707,1e-05,1.088794
20190826,0.0124889409278065,0.01045572,0.002033221154843293,1.720463,0.164328,0.75485,1e-05,0.775399,1.351699,0.00379,1e-05,0.906587
20190710,0.02012917127060985,0.01667586,0.0034533079920409174,1.810676,0.206825,1.079353,1e-05,0.948651,1.673544,0.174611,1e-05,0.870258
20190801,0.013054996799254755,0.01032937,0.002725625834088029,1.913204,0.181358,0.957973,1e-05,0.864245,1.447884,-0.001326,1e-05,1.059609
20190828,0.015195376494262931,0.01369823,0.0014971442014138196,1.607298,0.08607200000000001,0.689991,1e-05,0.65537,1.453056,-0.008842000000000001,1e-05,1.028602
20190824,0.018666529688370785,0.01309028,0.005576253831084713,0.17623699999999998,0.454062,0.541801,0.28044600000000003,1.3015709999999998,2.152653,-0.379741,1e-05,0.006704000000000001
20190731,0.02026038310790937,0.01791998,0.002340402723293077,1.92251,0.112234,1.005455,1e-05,0.677635,1.437363,-0.022580000000000003,1e-05,1.183488
20190626,0.04713545276326404,0.038007099999999995,0.009128352327925306,5.99867,-0.017266999999999998,1.380835,1e-05,1e-05,1.7923349999999998,-0.046751,1e-05,3.369403
20190909,0.01099374854308437,0.00801644,0.0029773075060578755,2.57495,0.196014,0.481399,0.565757,0.7697470000000001,1.3238299999999998,0.110763,1e-05,0.375945
20190717,0.0558290272830565,0.04300799,0.012821033724514505,6.89648,-0.022296,1.803447,0.115313,2e-05,1.635094,-0.061691,1e-05,2.438835
20190926,0.05920505448914815,0.05695329,0.0022517614559922033,2.698593,0.022349,0.8366370000000001,0.283933,0.091498,1.244757,-0.011556,1e-05,0.011456
20190813,0.015508678973864544,0.012440799999999998,0.00306787713800616,2.103584,0.028652,0.601781,0.472732,0.0006389999999999999,0.94639,0.398628,1.2e-05,0.8949819999999999
20190809,0.011781012211893049,0.00914258,0.0026384355728509786,1.321128,0.005124,0.724201,1e-05,0.127473,0.891019,0.418136,1e-05,1.1319780000000002
20190526,0.012636762417960377,0.01128897,0.0013477912935152658,0.356084,0.108949,0.470882,1e-05,0.7925180000000001,7.351901,0.188127,1e-05,1e-05
20190811,0.014637784520010641,0.01221185,0.0024259330899324034,0.929821,-0.038921,0.657828,1e-05,0.116441,1.07805,0.42327,1e-05,0.7082890000000001
20190728,0.02065034004448551,0.01783273,0.002817613591934737,1.698748,0.177792,1.033132,1e-05,0.925722,1.466742,-0.002026,1e-05,1.074391
20190830,0.015825422749970598,0.01414833,0.0016770926580440312,1.443211,0.01078,0.552527,1e-05,1e-05,0.903927,0.308881,1e-05,1.280812
20190822,0.006302658818646799,0.00373871,0.002563948887603384,1.3288799999999998,0.227833,0.740078,1e-05,0.79842,1.041561,-0.225055,1e-05,1.440317
20190802,0.010472921562547055,0.00793992,0.002532997239558364,1.389109,0.088073,0.812325,1e-05,0.586337,1.160278,0.326472,1e-05,0.941728
20190726,0.011268548577310371,0.00746255,0.0038059968780115813,1.48478,0.229698,0.97754,1e-05,1.017072,1.251435,-0.291111,1e-05,1.02958
20190803,0.011265077188113206,0.00873662,0.0025284604723878053,1.431347,0.109591,0.768572,1e-05,0.6863020000000001,1.140164,0.306087,1e-05,1.165722
20190823,0.006649742436390846,0.00447132,0.00217841843179899,1.336322,0.228384,0.7023,1e-05,0.723784,1.25,-0.168103,1e-05,1.270107
20190816,0.009861253115140741,0.00617207,0.00368918582495828,1.356016,0.278592,0.771479,1e-05,1.0020639999999998,1.10095,-0.307568,1e-05,1.031089
20190914,0.029767538796462524,0.02512057,0.004646969272369576,3.07146,0.307153,0.281723,0.350405,0.8386809999999999,1.688244,-0.301865,1e-05,0.774701
20190807,0.008432321938280005,0.00565154,0.002780779345876434,1.638583,0.12728299999999998,0.961757,1e-05,0.718599,1.401409,0.253065,1e-05,1.000546
20190913,0.021348656415487367,0.01648873,0.004859924148939923,2.760757,0.337862,0.339806,0.344002,0.96828,1.459265,-0.319795,1e-05,0.831011
20190810,0.012740850855801455,0.0104417,0.002299147039936719,1.397386,0.001991,0.747634,1e-05,0.014999,1.199528,0.36734,3e-05,0.931196
20190821,0.00896234524721902,0.0057009999999999995,0.0032613415524181733,1.287087,0.257156,0.726137,1e-05,0.974269,0.8163520000000001,-0.281471,1e-05,1.7634029999999998
20190922,0.013252092975571214,0.00890329,0.004348801808903302,2.828351,0.28804,0.318411,0.403659,0.850366,1.423165,-0.305249,1e-05,0.621787
20190903,0.012783863149778982,0.01116949,0.001614370790970033,1.4894379999999998,0.017256999999999998,0.584546,1e-05,0.110799,0.974174,0.285261,1e-05,1.148001
20190804,0.008388123578829832,0.00628242,0.002105706718092043,1.477675,0.168048,0.878249,1e-05,0.7836270000000001,1.330633,-0.011001,1e-05,1.14028
20190916,0.021649103982756844,0.01710229,0.004546815437244839,2.508486,0.340839,0.34570500000000004,0.288217,0.959957,1.517726,-0.316624,1e-05,0.6951930000000001
20190827,0.008997271390944252,0.00644695,0.002550319595160193,1.071784,0.186861,0.6692100000000001,1e-05,0.905183,0.659165,-0.265369,1e-05,1.295142
20190923,0.009584984883257463,0.00517036,0.004414620700166632,2.636698,0.324019,0.360641,0.430252,0.9399,1.350741,-0.278516,1e-05,0.5360090000000001
20190831,0.01439892409575194,0.01115374,0.0032451792888355552,0.276256,0.284516,0.514107,0.00045,1.156279,2.336377,-0.28620500000000004,1e-05,0.064572
20190902,0.008367064426132425,0.00440661,0.0039604574997311156,0.150855,0.351603,0.479326,0.007372,1.291294,2.6912130000000003,-0.286777,1e-05,1e-05
20191010,0.02541194287113296,0.02146562,0.003946321624690973,3.013284,0.009631,0.37421,0.8841530000000001,1.3e-05,0.958963,-0.347514,1e-05,0.406079
20191006,0.01867821157171647,0.01637737,0.0023008408622941802,2.575267,0.079163,0.354008,0.112391,0.30208,3.716242,-0.26126,1e-05,0.565771
20190722,0.031211655874955745,0.02351539,0.007696264977674441,5.515725,-0.002851,1.258681,0.000186,1e-05,2.03822,0.052212,1e-05,2.991565
20191004,0.018497101066228292,0.01523394,0.0032631569673627703,2.852464,0.150873,0.385719,0.285787,0.416049,2.512484,-0.316966,1e-05,0.666297
20190904,0.01002331879309427,0.00854198,0.001481336868563984,1.490284,0.06541799999999999,0.563712,1e-05,0.425275,1.186951,0.222648,1e-05,1.033587
20190812,0.021300659671302586,0.01651291,0.004787744948662734,0.383137,0.399762,0.66437,0.002156,1.25739,2.225377,-0.337323,1e-05,0.129769
20190808,0.013201235571243721,0.01067612,0.0025251203037132608,1.308233,0.219448,0.916091,1e-05,0.7850520000000001,1.41889,-0.156755,1e-05,1.050196
20190910,0.00751987287595425,0.00627064,0.001249233975860762,1.778648,-0.018555,0.440564,0.001218,7.2e-05,1.1174879999999998,0.204646,0.001322,1.909948
20191017,0.021668692176395443,0.01851981,0.003148884846998679,2.725036,-0.08442100000000001,0.33731,0.793027,4.4e-05,0.914494,-0.29151,1e-05,0.4628600000000001
20190725,0.024896871137238,0.01873964,0.00615723214722582,4.714788,0.045346,1.268427,1e-05,0.192131,1.853016,0.067084,1e-05,2.689152
20190915,0.02566255092015134,0.0196226,0.006039948480229966,2.530663,0.4345189999999999,0.27665300000000004,0.530618,1.186547,2.049617,-0.332422,1e-05,0.138619
20191024,0.023748759675936253,0.02214712,0.0016016426989763114,1.61402,0.012086,0.351059,0.580233,1e-05,1.140809,-0.248849,1e-05,0.880333
20190911,0.005272676465121981,0.00394322,0.0013294611928406895,1.756093,0.018717,0.411871,1e-05,0.047942,1.31741,0.231786,1e-05,1.443594
20190724,0.030057804095385214,0.02107624,0.008981563579793928,6.000525,0.00197,1.334193,1e-05,0.005273,2.072979,0.004069,1e-05,3.2840769999999995
20191005,0.023923757868996604,0.02082043,0.003103324901886523,2.920242,0.063108,0.322189,0.483417,0.167425,2.867191,-0.315025,1e-05,0.358567
20190712,0.017415060707402973,0.01459176,0.0028232979515678976,2.1024,0.150686,1.101083,1e-05,0.697186,1.626542,-0.037102,1e-05,1.205165
20191018,0.01727987657229274,0.01429368,0.002986193470074081,3.14895,0.06787699999999999,0.256483,0.408425,0.215578,2.020622,-0.26036,1e-05,0.8097770000000001
20190806,0.019190207624131924,0.01615036,0.0030398438752255656,2.023802,0.177235,1.130068,1e-05,0.793269,1.522425,-0.004882,1e-05,1.013992
20191019,0.01823002940734841,0.015316,0.002914031915851889,3.098293,0.07633200000000001,0.257506,0.261241,0.248061,2.106051,-0.271991,1e-05,0.981654
20190704,0.015509479562453563,0.00809693,0.007412547510665913,5.0592120000000005,0.126095,1.055338,1e-05,0.7351479999999999,2.183753,0.219144,1e-05,1.979344
20191009,0.02348253420904458,0.02049286,0.002989675157835154,2.73516,0.10903,0.390537,0.628605,1.2e-05,1.62498,-0.287562,1e-05,0.646439
20191012,0.025215566918644787,0.02154584,0.0036697263829272827,3.221041,0.075171,0.308742,0.594627,0.198321,1.928731,-0.324031,1e-05,0.540308
20191025,0.017136643148743542,0.01357372,0.0035629193467918174,3.609991,0.060634,0.184399,0.5315949999999999,0.220739,1.6530169999999995,-0.235462,1e-05,0.6996600000000001
20191016,0.011463895235504534,0.00897032,0.002493570635491045,2.462843,0.162156,0.292656,0.018885,0.499618,2.77051,-0.261129,1e-05,0.870957
20190718,0.03894664236061874,0.02799604,0.010950604748675048,6.550808999999999,-0.002282,1.538773,1e-05,3.2e-05,1.90112,-0.003357,1e-05,3.283528
20191022,0.022187879069653117,0.01941224,0.0027756426312972203,2.862673,-0.012345,0.27904,0.64777,1.6e-05,1.4322,-0.252521,1e-05,0.4758850000000001
20190921,0.013569134532680929,0.00652523,0.007043901435166687,3.070019,0.465442,0.27265,0.591003,1.22278,1.47375,-0.327678,1e-05,0.073168
20191020,0.018173007631697283,0.0150724,0.003100608246823765,3.091734,0.042433,0.27070700000000003,0.38281,0.154696,1.504743,-0.30448000000000003,1e-05,1.0153
20190714,0.014605255555326588,0.01150576,0.0030994974781161284,2.140841,0.15281,1.079735,1e-05,0.884569,1.6646990000000002,0.010289,1e-05,1.145006
20191021,0.02113770557207477,0.017101599999999998,0.004036108401221968,3.316307,0.012866999999999998,0.281808,0.716724,0.040825,0.830952,-0.35215,1e-05,0.5339659999999999
20190920,0.01224140685854175,0.00965141,0.0025899977943513795,2.525153,-0.044114,0.32579400000000003,0.365724,1e-05,0.993115,0.324863,0.000182,0.956715
20190719,0.03702176160840066,0.02121,0.015811765555344526,8.041372,-0.023538,1.689843,1e-05,0.08516599999999999,2.727791,0.032666,1e-05,2.979315
20191007,0.015384156740399262,0.01211385,0.00327031073741703,2.907669,0.105936,0.408106,0.451172,0.319016,2.015635,-0.31548400000000004,1e-05,0.677976
20191003,0.02475260388439688,0.02321927,0.001533330961235382,1.956602,-0.011116,0.559211,1e-05,0.009463,2.397642,-0.212986,1e-05,0.952693
20190908,0.008132362537304552,0.00668541,0.0014469541383530515,1.610754,0.141699,0.496155,1e-05,0.517646,1.3740709999999998,-0.145992,1e-05,1.326723
20191001,0.012409696616263266,0.01074312,0.0016665780137313127,1.749909,0.0005110000000000001,0.663637,1e-05,0.05081,2.589465,-0.247213,1e-05,0.507626
20191008,0.01917436695096286,0.01533673,0.003837640149935453,3.064294,0.0902,0.385143,0.456444,0.281551,1.338816,-0.379783,1e-05,1.113207
20191015,0.013682583752440148,0.00697517,0.00670741450474078,3.185187,0.424262,0.264261,0.586385,1.218827,2.513649,-0.31291,1e-05,0.103164
20190930,0.016407691900102255,0.01476709,0.0016406052974226033,1.814684,-0.007594,0.7964319999999999,1e-05,0.01454,1.673936,-0.186252,1e-05,0.7242689999999999
20191014,0.01973412098444613,0.01267292,0.007061196110296096,4.243121,0.313277,0.256868,0.67728,0.966177,1.988645,-0.319494,1e-05,0.13763599999999998
20190906,0.014244044735850654,0.01289131,0.0013527311805793126,0.666458,0.002673,0.516546,1e-05,0.001472,0.719138,0.315754,1e-05,1.226183
20191011,0.02341371816502737,0.0166458,0.006767922929086969,4.78179,0.136851,0.324908,0.776937,0.392523,1.4013719999999998,-0.33827,1e-05,0.177478
20190925,0.026096179028534942,0.02109239,0.005003792968335201,4.670204,-0.06664199999999999,0.752467,1.1e-05,0.000272,1.510917,-0.055688,1e-05,2.152053
20190720,0.018681866371914508,0.01034361,0.008338253142189073,5.583114,-0.000741,1.362749,1e-05,0.000181,2.061601,0.157141,1e-05,2.640865
20191110,0.024420236649885976,0.01886955,0.005550683539418172,4.596794,0.215252,0.23536,0.5093260000000001,0.701716,1.369067,0.073507,1e-05,0.729244
20191013,0.0225788142570394,0.01610083,0.006477987588441441,3.389583,0.365511,0.29394000000000003,0.5658920000000001,1.0298,1.949568,-0.371083,1e-05,0.34999
20190918,0.009894245109163948,0.00881063,0.0010836133930586774,1.349264,0.04599,0.398342,1.4e-05,2.3e-05,1.335515,0.232311,1e-05,1.1113879999999998
20190907,0.010130489825059609,0.00890317,0.0012273220599914154,1.605757,0.128658,0.550425,1e-05,0.492068,1.395351,0.010021,1e-05,1.220812
20190715,0.03360280254017027,0.02301271,0.01059009604887734,6.547707,0.004162,1.337274,1e-05,0.02486,1.893432,0.150502,1e-05,3.535448
20190924,0.014969903695968838,0.01433391,0.0006359921497462548,1.25341,0.037331,0.499162,1e-05,0.177688,1.26816,-0.052070000000000005,1e-05,1.193221
20191023,0.02197438936327704,0.01842738,0.0035470048989868787,2.980706,-0.006594,0.288118,0.7136100000000001,0.020978,0.714114,-0.343068,1e-05,0.673462
20191002,0.017193131843210384,0.01542193,0.0017712059219377398,1.87731,0.148153,0.618872,1e-05,0.000285,2.251384,-0.215372,1e-05,0.9001049999999999
20191116,0.025547074569745743,0.01781979,0.007727285681461006,4.182535,0.410401,0.182173,0.370417,1.306282,1.480627,-0.258361,1e-05,0.87787
20191211,0.021452260168292724,0.01503245,0.006419814336367611,3.289619,0.4280390000000001,0.242522,0.392249,1.232658,1.322995,-0.262908,1e-05,0.55737
20191117,0.030938878379758467,0.02665015,0.004288728218884975,3.687057,0.20524,0.163296,0.117827,0.790552,2.218207,-0.219794,1e-05,1.299779
20191202,0.016865606592586672,0.00978851,0.007077094766598652,2.682388,0.50578,0.277395,0.244791,1.366723,1.497498,-0.327891,1e-05,0.587517
20191119,0.017649402048913892,0.01075015,0.0068992562335398215,3.333149,0.418392,0.179002,0.417046,1.354908,1.5644209999999998,-0.29749200000000003,1e-05,0.593494
20191109,0.02275871730442424,0.02120381,0.0015549084044880574,2.064878,0.092256,0.230911,1e-05,0.296155,2.102012,-0.21818,1e-05,0.950632
20191129,0.02015964857961516,0.01506319,0.00509645953348245,2.716194,0.401278,0.24647600000000006,0.197921,1.037571,1.7313419999999995,-0.288825,1e-05,0.650071
20190928,0.012683983446267729,0.00947895,0.003205029334915119,0.8600629999999999,0.26158400000000004,0.617015,1e-05,0.945927,2.960597,-0.331261,1e-05,1e-05
20191113,0.023614475136188626,0.01880453,0.004809944216573458,3.744687,0.254771,0.227376,0.421013,0.722913,1.292569,-0.245921,1e-05,0.8358
20190917,0.014542824080788882,0.01223196,0.0023108604100692282,0.353321,0.29243,0.395366,0.054637,0.832837,2.253057,-0.24038,1e-05,0.263681
20191105,0.02136940734768959,0.01499012,0.006379284358749731,3.344245,0.417835,0.313361,0.437988,1.157801,1.29627,-0.27678400000000003,1e-05,0.52236
20191208,0.014972174215837991,0.00853213,0.0064400481450141754,3.067899,0.440969,0.233801,0.434777,1.275207,1.365989,-0.272629,1e-05,0.4536850000000001
20191104,0.024435889533985136,0.01510139,0.00933449689135606,2.932025,0.594973,0.280411,0.469969,1.531726,1.5694290000000002,-0.378091,1e-05,0.054627
20191118,0.02154214871906621,0.01362527,0.007916879669389587,3.89423,0.445453,0.154317,0.53996,1.337399,1.963171,-0.28206,1e-05,0.129021
20191107,0.02557125819350809,0.02369592,0.0018753351967059641,2.48931,0.125593,0.32623,1e-05,0.462615,1.889233,-0.12563,1e-05,1.313136
20190716,0.021404715659755408,0.01331696,0.008087758642698227,5.603534,0.000196,1.20058,1e-05,0.0038,2.036611,0.191424,1e-05,2.676715
20191212,0.02912399984356656,0.02393423,0.0051897676856970726,3.030618,0.366496,0.253065,0.355381,1.099228,1.470572,-0.247185,1e-05,0.650984
20191127,0.022466639258777808,0.020564,0.0019026360621514247,1.388906,0.015436000000000004,0.507352,1e-05,1.1210209999999998,1.283339,-0.0058920000000000005,1e-05,1.071766
20191213,0.02059700842426474,0.01281047,0.007786535660007172,3.699266,0.459074,0.198488,0.383054,1.344377,1.333665,-0.308002,1e-05,0.559003
20191111,0.01909950750311731,0.01525391,0.0038455988908920437,3.889944,0.014963999999999996,0.237766,0.529347,0.000166,1.047769,0.21914,0.000786,0.5897060000000001
20190912,0.004570295625262956,0.00337606,0.0011942371201872125,0.12598900000000002,0.214979,0.494231,1e-05,0.692605,0.7210850000000001,-0.022219,1e-05,1.111212
20191114,0.02936612087919964,0.02812199,0.0012441311147000664,2.403696,0.005937,0.293396,0.044092,0.01409,1.633129,0.000607,1e-05,1.730545
20191201,0.007140349234354198,0.00577742,0.0013629251640695087,1.968186,0.098709,0.360424,1e-05,0.589354,1.599452,-0.036737,1e-05,1.372198
20191209,0.017234693127033553,0.00948376,0.007750933424693498,3.161526,0.501677,0.23043400000000006,0.513447,1.39733,1.464182,-0.310778,1e-05,0.08356
20191112,0.0229489932813348,0.01610007,0.006848922101590296,3.540563,0.40354,0.215454,0.555248,1.197657,1.232589,-0.304017,1e-05,0.193422
20190927,0.0172441796344101,0.01281429,0.0044298892840639965,3.103992,0.20265,0.6442859999999999,1e-05,1.06912,7.45028,-0.231116,1e-05,0.048028
20191101,0.017194989772214682,0.01092532,0.006269672091788646,2.548682,0.400795,0.368744,0.492836,1.1827,0.979853,-0.39831,1e-05,0.318984
20191221,0.011447421364462246,0.00697746,0.004469965429959826,2.364329,0.372782,0.241082,0.256814,1.048588,1.538276,-0.271786,1e-05,0.899236
20191130,0.015500733772878571,0.012589,0.0029117369930850663,2.082122,0.281351,0.246002,1e-05,0.749276,2.089906,-0.251232,1e-05,0.862223
20191203,0.015022545516391766,0.01241873,0.002603810989599879,2.551627,-0.04992,0.258251,0.246498,7.5e-05,0.904955,0.33901,1.2e-05,1.1967139999999998
20191204,0.01649147604743195,0.01423011,0.002261362786576281,2.413076,0.034855000000000004,0.250504,0.275934,0.000164,0.983589,0.307525,0.000433,1.2739969999999998
20191227,0.018274255876211242,0.013145500000000001,0.0051287549191195115,2.9527650000000003,0.363753,0.181238,0.458629,1.105634,1.5851540000000002,-0.244174,1e-05,0.678421
20191220,0.011318386087875398,0.00773346,0.0035849246569480443,2.174337,0.332935,0.257229,0.119709,0.9000950000000001,1.664393,-0.25303200000000003,1e-05,1.006474
20191216,0.018128578532040952,0.01068815,0.007440429938490063,2.854623,0.511049,0.17998699999999998,0.503814,1.450855,2.097865,-0.28420700000000004,1e-05,0.10148
20191123,0.013662635966125186,0.00966532,0.003997320485507476,1.965989,0.367925,0.293932,1e-05,0.985871,1.925201,-0.285004,1e-05,0.7751399999999999
20191030,0.007350334330510864,0.00579395,0.0015563798770781105,1.622356,0.002872,0.446948,1e-05,0.000461,1.039984,0.288117,0.000343,1.736534
20191229,0.026688092742705286,0.02281081,0.00387728367930472,3.984303,0.059913,0.171587,0.578432,0.235891,1.520566,-0.157094,1e-05,0.738017
20191103,0.02427924246904071,0.01539007,0.008889170447960617,2.296832,0.642262,0.27269,0.493799,1.486448,2.069796,-0.34370900000000004,1e-05,0.026608
20191228,0.024235601532215642,0.0180553,0.006180303742607357,4.683204,0.231391,0.149747,0.339584,0.799371,2.015439,-0.21947,1e-05,1.041842
20191121,0.030957473693903326,0.03016932,0.0007881572004721761,1.591733,-0.043567,0.295569,0.026267,0.000215,1.674714,-0.13206099999999998,1e-05,1.369983
20191115,0.018408547346257263,0.01493456,0.003473983530167266,2.633279,-0.001565,0.178839,0.470819,2.7e-05,0.5147970000000001,0.428191,1.3e-05,1.411757
20190629,0.029713994770593014,0.02207544,0.007638551584658338,5.347469,-0.00727,1.377093,1e-05,1e-05,2.179577,0.047491000000000005,1e-05,2.761116
20200101,0.02321351352127921,0.01678391,0.0064295997329243204,4.720646,0.249297,0.183132,0.559711,0.7944100000000001,1.406564,-0.193212,1e-05,0.812603
20191218,0.02195595616466781,0.0200747,0.0018812514448595,0.8955540000000001,0.025745,0.411996,1e-05,1.220869,1.10958,-0.07345700000000001,1e-05,1.291473
20191106,0.020880617441896704,0.01759625,0.003284370569500931,2.713964,0.26225,0.376028,0.540948,0.8301229999999999,1.333265,0.006108,1e-05,0.504174
20191102,0.025673689918962142,0.01796795,0.007705738594028549,1e-05,0.648266,0.298717,0.324803,1.213028,1.526258,-0.428612,1e-05,0.14918299999999998
20191215,0.02541923171716811,0.01807604,0.0073431867578984435,2.595784,0.538927,0.158931,0.505285,1.460148,2.695334,-0.260487,1e-05,0.073531
20200104,0.033668381267708214,0.02812261,0.00554576949137456,4.7471830000000015,0.015246,0.145162,0.601522,0.269598,1.372074,0.24098000000000006,4.5e-05,0.652948
20191214,0.019764860471590824,0.00940958,0.010355282072171904,3.5634300000000003,0.608012,0.16003699999999998,0.5049939999999999,1.708625,1.958302,-0.303126,1e-05,0.037427
20200103,0.025453699531647736,0.01853738,0.006916321613811735,5.0488089999999985,0.233184,0.173038,0.444411,0.769592,1.669619,-0.213251,1e-05,1.150139
20190919,0.007972263601344945,0.00680067,0.0011715982576556445,1e-05,0.194116,0.517046,0.065855,0.7230340000000001,0.72735,-0.0058130000000000005,1e-05,0.530509
20191231,0.020775994245501136,0.01301151,0.0077644820881137624,4.715051,0.343685,0.157002,0.6455810000000001,1.068135,1.7926220000000002,-0.235502,1e-05,0.181074
20191028,0.01955035207927296,0.01673671,0.002813641875148636,1.954416,0.189555,0.735675,1e-05,0.927533,1.554289,0.169954,1e-05,0.806372
20191126,0.010745879958778768,0.00798834,0.002757541498100123,1.712045,0.230625,0.432113,1e-05,0.8973969999999999,1.323928,-0.25444,1e-05,0.998351
20191219,0.041375127228469255,0.04092379,0.00045133964073127287,1.016997,0.032119,0.363871,1e-05,0.14499,1.388405,-0.089857,1e-05,1.137274
20190905,0.009291633154507171,0.00799167,0.0012999589030750346,1e-05,0.193607,0.617394,0.116105,0.727685,0.635627,0.009704,1e-05,0.337137
20191124,0.010605461299925515,0.00819046,0.002415003566659115,2.034261,0.200369,0.33368000000000003,1e-05,0.742185,1.352478,-0.228845,1e-05,1.449194
20191128,0.015049243549553469,0.01079552,0.004253726601346657,1.0812389999999998,0.340901,0.40424,1e-05,1.065815,0.829834,-0.394766,1e-05,1.018167
20200105,0.029254944947722364,0.02173447,0.00752047403408785,5.230425,0.259522,0.154348,0.387552,0.894816,2.022292,-0.200192,1e-05,1.181322
20191205,0.023581632689740287,0.02289488,0.0006867525291395112,1.475214,0.06244,0.373075,1e-05,0.269915,1.332855,0.006893000000000001,1e-05,1.402291
20191225,0.0160760694800229,0.01440968,0.0016663870999015845,2.774363,0.011101,0.248531,0.249303,1e-05,1.7852419999999998,0.013479,1e-05,1.336839
20191217,0.017183480482235933,0.01599109,0.0011923919675385552,1.404969,0.069539,0.352893,1e-05,0.690862,1.369181,-0.121418,1e-05,1.368283
20191120,0.01761121529785443,0.01427641,0.0033348088147939505,2.990651,0.219845,0.246221,0.149937,0.7838470000000001,1.679909,-0.191094,1e-05,1.412482
20191026,0.026584222917690043,0.02411856,0.0024656622123091533,2.310429,0.128958,0.8399530000000001,1e-05,0.7242930000000001,1.516868,-0.012736,1e-05,0.854979
20191031,0.0200792964426719,0.01706921,0.003010081493312427,1.099828,-0.001384,0.424436,0.323432,2.9e-05,0.303208,0.497928,0.006372999999999999,2.294438
20191210,0.0181553985442075,0.01603097,0.0021244262731589464,2.57425,-0.018423,0.261145,0.139758,4.8e-05,1.250061,0.194745,0.057332000000000015,1.629276
20191029,0.010239161222848464,0.00846594,0.0017732208878580157,1.651877,0.076697,0.510209,1e-05,0.376675,1.331855,0.27685,0.000147,1.015354
20191207,0.011330081196567407,0.008745399999999999,0.002584677279064084,2.507831,0.243823,0.298602,0.152128,0.739929,1.573128,-0.08516900000000001,1e-05,1.27509
20191108,0.017489522316434043,0.01547058,0.002018940499459159,3.013692,-0.036623,0.25050300000000003,0.046317,1e-05,1.921936,-0.111428,1e-05,1.537072
20191122,0.017603319267182737,0.0150809,0.002522420220853317,1.851648,0.089589,0.6259899999999999,1e-05,1.168131,1.437653,0.002131,1e-05,1.061298
20191125,0.006740228063901082,0.00504622,0.001694009095617856,1.582022,0.121188,0.513548,1e-05,0.88008,1.329059,-0.028833,1e-05,1.111473
20191226,0.01812059522709265,0.01662362,0.0014969743462775011,2.3871830000000003,0.105983,0.263074,0.269757,0.320048,1.670926,0.007178,1e-05,1.384642
20200102,0.027619971868555467,0.02316259,0.0044573809842795185,3.783328,0.230287,0.228465,0.674817,0.74568,1.4092790000000002,-0.008570999999999999,1e-05,0.6107229999999999
20191027,0.015070624700927975,0.01320075,0.001869870323742583,1.366325,-0.001726,0.60183,1e-05,0.000736,0.946081,0.33679000000000003,1e-05,1.473948
20191224,0.019193459815429973,0.01840469,0.0007887704385474393,1.82687,0.003512,0.258384,0.231289,2.9e-05,1.571668,-0.009486,1e-05,1.439546
20190929,0.02806469860017841,0.02722279,0.0008419130289842779,1.4154,0.042087,0.363703,1e-05,0.237007,24.527671,-0.153322,1e-05,1e-05
20200113,0.018937965636087715,0.01507113,0.0038668398192985547,3.790318,0.074258,0.240281,0.608781,0.315731,1.344274,0.202573,3.7e-05,0.432684
20191223,0.014802097542315363,0.01191205,0.002890046574915366,3.649646,0.08076699999999999,0.223655,0.269041,0.000722,1.962398,-0.061988,1e-05,1.307792
20200123,0.02702708461110068,0.02038252,0.006644560806204974,4.869536,0.279337,0.228677,0.535613,0.8790549999999999,1.306207,0.031432,1e-05,0.46885
20200106,0.026977929306561062,0.02136364,0.005614289093114273,5.1166019999999985,0.017587000000000002,0.211596,0.556625,0.054162,1.046551,0.042113,9.5e-05,1.946502
20200209,0.030708106475682437,0.02462789,0.0060802212874494855,3.138914,0.435785,0.250288,0.387104,1.184141,1.475778,-0.24411,1e-05,0.4474
20191222,0.02129861330995855,0.01509501,0.006203598944117235,1.429103,0.540437,0.149777,0.485159,1.446388,3.104613,-0.229034,1e-05,0.24225700000000006
20200321,0.03693752832059007,0.03205373,0.004883800837726856,2.737526,-0.015571000000000003,1.771239,0.45243,0.092786,1.277843,-0.05654600000000001,1e-05,0.001068
20200204,0.0210576785425814,0.01506676,0.005990920177516972,3.3529150000000003,0.396633,0.226455,0.421469,1.15691,1.3483459999999998,-0.245351,1e-05,0.363676
20200118,0.013233310668606372,0.01041766,0.002815653359984981,3.004985,-0.038266,0.234244,0.31937600000000005,0.14455,1.17713,0.285877,2.8000000000000006e-05,1.057367
20200125,0.018696445632439343,0.01563005,0.003066396560036985,3.31506,-0.04041,0.169979,0.21171,0.288909,1.430869,0.263621,1e-05,1.090278
20191206,0.015605506777199941,0.01419507,0.0014104392236830375,1.4821959999999998,-0.032868,0.267591,0.002967,0.089988,0.703295,0.296739,1e-05,3.036275
20200114,0.02182821731061996,0.01966497,0.002163250405025459,2.849003,0.07821499999999999,0.315141,0.539475,0.279962,1.446773,0.0316,1e-05,0.761011
20200221,0.026890274378030616,0.01885194,0.008038336296042475,3.408252,0.510698,0.196408,0.466604,1.355178,1.456721,-0.31846,1e-05,0.04387
20200301,0.02203003792101052,0.01544928,0.006580753668988902,3.177273,0.45541,0.223895,0.290925,1.252782,1.384666,-0.279916,1e-05,0.565565
20200223,0.021021330432044728,0.01822178,0.002799547194841389,2.833588,-0.007258,0.183791,0.334173,1e-05,1.05052,0.323682,0.000532,0.221627
20200127,0.02208820732005834,0.01336824,0.008719966547083175,4.512838,0.442596,0.181941,0.562682,1.2600209999999998,1.092689,-0.273962,1e-05,0.035915
20200213,0.032674650069806674,0.0273603,0.005314349956035042,2.745508,0.408638,0.28672600000000004,0.32500300000000004,1.106706,1.358651,-0.26912800000000003,1e-05,0.501139
20200222,0.027622843661386082,0.01962775,0.00799509752888382,3.224044,0.514893,0.187727,0.439228,1.404249,1.367306,-0.326341,1e-05,0.044112
20191230,0.026581665479278337,0.02264474,0.003936925999057362,4.3389739999999986,-0.005626,0.221173,0.345657,8.9e-05,1.586407,0.016937,0.000243,1.915499
20200217,0.032405000492294334,0.02512398,0.00728102350735756,2.808733,0.528155,0.206374,0.455673,1.346876,2.067838,-0.291453,1e-05,0.038555
20200228,0.0296913303952189,0.02868205,0.0010092818294607927,1.431837,0.10092,0.352005,1e-05,0.610455,1.2678,0.009156,1e-05,1.049088
20200111,0.02345902803376898,0.02073416,0.002724870983084422,3.348818,-0.003707,0.236469,0.297758,6.8e-05,1.574767,0.183637,0.000374,1.703366
20200224,0.027036320748212647,0.01908007,0.007956250151739891,3.3233370000000004,0.512343,0.193852,0.430044,1.358,1.256965,-0.324915,1e-05,0.032243
20200208,0.03314585032104246,0.024368200000000003,0.00877764996270812,3.718742,0.51341,0.229286,0.495303,1.4078620000000002,1.120965,-0.33105500000000004,1e-05,0.074416
20200207,0.027706864164668145,0.019755599999999998,0.007951266362667327,2.975687,0.527455,0.24387,0.471421,1.482328,1.3939780000000002,-0.303187,1e-05,0.079769
20200117,0.011828633368448842,0.01039882,0.0014298095855211385,2.1085580000000004,0.044689,0.295528,0.063941,0.00015800000000000002,1.54047,0.207174,1e-05,1.235339
20200211,0.033237379107701616,0.02492864,0.008308740920002214,3.670204,0.528763,0.157935,0.459615,1.398718,2.401602,-0.250232,1e-05,0.021480000000000003
20200308,0.023048675211433743,0.01571187,0.007336803754255983,3.900566,0.438953,0.177858,0.358634,1.2657200000000002,1.4515209999999998,-0.245932,1e-05,0.5908399999999999
20200205,0.022604090378779588,0.01435803,0.008246062798776724,3.617879,0.482519,0.21543,0.479379,1.363792,1.081505,-0.34115500000000004,1e-05,0.101231
20200218,0.028383622700853962,0.02149409,0.0068895373725625045,2.863587,0.482813,0.229672,0.469426,1.282859,1.390281,-0.316163,1e-05,0.060219000000000016
20200107,0.02211413663219381,0.01895082,0.003163316993013002,3.02052,0.206804,0.25869000000000003,0.480706,0.681018,1.665613,-0.122125,1e-05,1.210626
20200220,0.016511526325007787,0.01319428,0.0033172492458978377,2.208434,0.30253800000000003,0.339558,0.169693,0.924686,1.274816,-0.20673200000000005,1e-05,0.8756370000000001
20200229,0.018727418587830055,0.01652081,0.002206613254425945,2.669227,0.028965,0.219453,0.193285,1e-05,1.157606,0.262234,0.000911,0.883481
20200124,0.02106019771911408,0.01182563,0.009234570898062714,4.443586,0.462476,0.187,0.500991,1.375572,1.245,-0.311205,1e-05,0.088922
20200214,0.041238085220384614,0.03498652,0.006251564402905362,2.329345,0.5126729999999999,0.204819,0.398216,1.307632,3.378039,-0.250526,1e-05,0.027853
20200110,0.01892131193667417,0.01544292,0.0034783955071023107,3.473757,-0.018554,0.17974,0.479168,1e-05,1.060259,0.28278000000000003,7.8e-05,1.834602
20200119,0.013436135666600749,0.01172365,0.0017124850476781279,2.256339,0.002149,0.278883,0.137992,0.005592,1.3616629999999998,0.244413,1e-05,1.254874
20200202,0.02133128424622616,0.01937306,0.0019582217168018718,2.46683,-0.018651,0.230045,0.11973,0.16055899999999998,1.178626,0.25390100000000004,2.3e-05,1.32529
20200112,0.02273158530513821,0.01960085,0.003130732953854385,2.336939,-0.011537,0.231434,0.511875,2.2e-05,0.552793,0.414918,1.3e-05,2.327095
20200121,0.01714571230114122,0.01451579,0.002629923223050364,2.770449,0.011323,0.20763,0.270077,1e-05,0.869344,0.312652,0.000116,1.701302
20200126,0.01868440758392744,0.01506374,0.003620671612392186,3.443535,0.011854,0.17806,0.435762,5.9e-05,0.819915,0.320313,0.000923,0.914785
20200312,0.10889498869178828,0.08945700000000001,0.01943799171510289,2.631039,0.340204,1.406281,1e-05,3.862448,1.191085,-0.000313,1e-05,1e-05
20200305,0.02373364944901523,0.02038652,0.003347129649881891,2.6293580000000003,0.281487,0.266863,0.491404,0.925947,1.34777,0.014149,1e-05,0.482817
20200225,0.015930605321684718,0.01340941,0.002521191622522157,2.460392,-0.07203999999999999,0.21633400000000005,0.188514,1e-05,0.815239,0.342929,0.001565,0.908735
20200212,0.03471586502401574,0.03353851,0.0011773539019362914,1.2898379999999998,0.154038,0.377439,1e-05,0.681511,1.229262,-0.006508,1e-05,1.004493
20200130,0.02054490430782508,0.01892689,0.001618015326114873,2.2667330000000003,0.008023,0.266473,0.06729500000000001,1e-05,1.320026,0.226764,1.2e-05,1.3315709999999998
20200115,0.02272447504417924,0.02172526,0.0009992136912158995,1.0525790000000002,0.157701,0.394107,1e-05,0.556628,1.286827,0.079861,1e-05,1.059314
20200109,0.0218121887226244,0.02040569,0.0014064998917157033,2.516398,-0.011095,0.33168000000000003,0.16787,1.8e-05,1.821119,0.007908,1e-05,1.747482
20200303,0.018089013701230408,0.01568164,0.002407369056380584,2.752848,-0.060777,0.222014,0.242185,1e-05,1.034922,0.273284,0.00028900000000000003,0.819958
20200120,0.015065566280211044,0.01209566,0.00296991064036626,2.464847,-0.002699,0.240867,0.424866,1e-05,0.551608,0.389386,1e-05,1.832905
20200302,0.02030164752476777,0.01365215,0.0066494933430511155,2.418082,0.501312,0.236494,0.442809,1.329102,1.463531,-0.307963,1e-05,0.007093
20200108,0.026242013452349208,0.02505188,0.0011901366955225812,0.518117,0.186433,0.442162,1e-05,0.769706,1.242879,-0.009593,1e-05,1.358063
20200226,0.02355028723970122,0.02251844,0.0010318464622391737,1.365902,0.14039200000000002,0.34039400000000003,1e-05,0.56443,1.323343,-0.052116,1e-05,0.8995559999999999
20200219,0.013323675134666804,0.01052059,0.002803084768480546,1.7908110000000002,-0.03034,0.24922,0.195422,3.1e-05,0.547229,0.4530020000000001,0.0008619999999999999,1.37059
20200313,0.09151595274049916,0.07347063,0.018045319043071426,7.792389999999998,0.012037,2.343757,0.615653,0.14226,1.030231,0.02672,1e-05,0.050436
20200310,0.013888956614544905,0.01219037,0.0016985833381717964,1.955469,0.196609,0.362334,1e-05,0.644934,1.447778,0.001892,1e-05,1.289497
20200131,0.014678795950193831,0.01273556,0.0019432406028878039,2.442805,-0.024331,0.223619,0.050097,1e-05,1.463052,0.262923,0.000779,1.077907
20200304,0.02281350502217053,0.01388779,0.00892571185365392,2.816262,0.6147199999999999,0.194224,0.437226,1.575925,2.045677,-0.29124,1e-05,0.043918
20200203,0.018070727590028715,0.01496825,0.0031024762880299235,3.13365,-0.015449,0.221659,0.39831,1e-05,0.79586,0.30400900000000003,0.006431999999999999,0.683362
20200201,0.020609851465747592,0.01870418,0.001905668999140288,2.537264,-0.002902,0.232142,0.13771,1e-05,1.054681,0.23287600000000006,0.005363000000000001,1.645319
20200210,0.01857513935035096,0.01537932,0.0031958187480968982,2.544221,0.001007,0.211501,0.327233,0.023079,0.649799,0.418193,1e-05,0.8213010000000001
20200128,0.0135959380088441,0.01113411,0.002461824192785871,2.341842,-0.003765,0.226379,0.204914,1e-05,0.7900149999999999,0.34237,0.031532,1.7644810000000002
20200116,0.016488984842827997,0.01542662,0.0010623690056655536,1.964418,0.084968,0.36428,0.105711,0.270435,1.536542,0.011732,1e-05,1.245082
20200206,0.01763945298618955,0.01419039,0.0034490632344764557,2.372247,-0.030245,0.263961,0.382538,1.8e-05,0.465733,0.433826,0.046513,1.21609
20200306,0.01966871571233671,0.0159282,0.0037405169217713647,3.44529,-0.002883,0.156862,0.43857,1e-05,0.731186,0.337125,0.01138,0.638568
20200324,0.07361005293940356,0.06530156,0.008308491846666688,4.3422519999999984,0.152016,1.868299,0.282166,0.000127,1.382002,0.271332,1e-05,0.334123
20200227,0.016925813538904468,0.01555618,0.001369629211492808,0.581901,0.216029,0.371463,1e-05,0.833958,0.730049,0.013237,1e-05,0.928429
20200407,0.04151989968041957,0.03897949,0.0025404068276302753,2.174453,0.009768,0.62197,0.627103,1e-05,2.061633,-0.285254,1e-05,0.480038
20200309,0.016042937424226918,0.01439526,0.001647675964413283,1.667972,0.134007,0.382977,1e-05,0.809172,1.327834,-0.104996,1e-05,1.108739
20200401,0.023145481248658013,0.02057791,0.0025675680203906532,2.161396,0.060964,0.554245,1e-05,0.189735,3.208699,-0.353962,1e-05,0.47942
20200320,0.09999460640026796,0.07108581,0.02890879259853151,10.26985,-0.048035,2.670848,0.641836,0.424765,0.908299,0.081207,1e-05,0.027726
20200216,0.040061916477335126,0.03569724,0.0043646725618966715,1.142697,0.468048,0.179272,0.411663,1.198861,7.697989999999999,-0.165516,1e-05,0.041578
20200314,0.056959817411856,0.03666333,0.020296483804392883,8.611609,-0.027661,2.221317,0.6869890000000001,0.219842,1.166667,0.015278,1e-05,0.037857
20200316,0.3329886133505089,0.31062215,0.02236646041483204,3.859287,-0.066992,4.392335,1e-05,0.096002,1.192995,0.063983,1.1e-05,1e-05
20200322,0.04357960636536938,0.03679205,0.006787552113943607,3.960499,-0.006533,1.803363,0.430648,1e-05,1.296849,-0.145753,1e-05,0.359144
20200418,0.02980333810014535,0.02574869,0.0040546522702802285,2.79788,0.030827,0.308349,0.701919,0.105731,1.844372,-0.433656,1e-05,0.318467
20200326,0.02286978090447833,0.01946975,0.0034000300408116076,1.859025,0.062931,1.409356,0.144792,1e-05,1.667552,-0.25729,1e-05,0.280377
20200325,0.07415314300352993,0.06850788,0.005645260493692004,3.395283,-0.03079,1.7805380000000002,0.348118,1e-05,1.235666,-0.062202,1e-05,0.29618
20200307,0.01906628212835043,0.01481908,0.0042472017530499504,3.127916,0.000813,0.158636,0.473238,2.2e-05,0.408054,0.451808,2e-05,0.722612
20200424,0.01960452897410323,0.01544947,0.004155060164350016,2.728856,0.007239,0.28777800000000003,0.616957,0.057629,1.59114,-0.468874,1e-05,0.098081
20200403,0.039897987051649035,0.03474023,0.005157754891997703,2.0675950000000003,-0.011705,0.732172,0.718795,1e-05,0.747979,-0.56997,1e-05,0.437319
20200419,0.027205356925473358,0.02265774,0.004547612218125514,3.184581,0.135032,0.332093,0.401863,0.376612,1.595081,-0.4385600000000001,1e-05,0.941377
20200129,0.013378284686597342,0.01191221,0.0014660769030279104,1.624539,-0.029349,0.27729000000000004,0.016708,1e-05,0.717429,0.291966,0.000534,2.794201
20200122,0.01993259831390929,0.01598449,0.00394810690524026,3.2392,0.011871,0.21850300000000006,0.410374,1e-05,0.571679,0.368338,0.052472000000000005,1.7272
20200426,0.01966996591337849,0.01606505,0.0036049166745086773,2.872955,-0.00734,0.270572,0.5955699999999999,0.022876,1.683191,-0.390534,1e-05,0.199085
20200430,0.04737293012377273,0.04518225,0.0021906823144646425,2.632191,0.000143,0.762188,0.458031,0.08553999999999999,1.246126,-0.026375,1e-05,0.02437
20200423,0.030883040812806305,0.02710309,0.0037799485796879695,2.738605,0.022174,0.252672,0.542093,0.076178,2.05464,-0.43721,1e-05,0.172039
20200409,0.024357472753839177,0.02035226,0.004005211860892488,2.689122,0.016137000000000002,0.462363,0.744487,0.087987,2.133568,-0.421966,1e-05,0.236063
20200428,0.02054109797184056,0.01704222,0.0034988783481778854,2.595845,0.010968,0.302151,0.519642,0.057782000000000014,1.459463,-0.422532,1e-05,0.180244
20200215,0.04130160584541197,0.03877785,0.0025237582993496697,0.31500500000000003,0.36979,0.14594,0.079422,0.952853,11.078394,-0.141751,1e-05,0.045902
20200427,0.015487643886401675,0.01267531,0.002812332348539345,2.4957740000000004,0.016364,0.28267800000000004,0.396259,0.062151,2.009519,-0.363743,1e-05,0.240454
20200406,0.03337051913196218,0.02933107,0.0040394534083092225,2.549334,0.030657,0.511142,0.6216229999999999,0.104699,1.971221,-0.455147,1e-05,0.261567
20200319,0.03419513778669968,0.02836964,0.0058254945360513965,4.077947,-0.003803,1.357073,1e-05,0.050812,3.428454,-0.255967,1e-05,0.6865220000000001
20200414,0.02328136625633688,0.02012852,0.003152846396302659,2.670657,0.0231,0.275824,0.445504,0.076088,3.807055,-0.379564,1e-05,0.242406
20200422,0.024028448418290767,0.02170373,0.0023247145237041177,2.294295,0.027679,0.276084,1e-05,0.11423,3.543864,-0.34278600000000004,1e-05,0.408334
20200514,0.07950031233919763,0.07778975,0.0017105627811521494,2.083097,0.05918200000000001,0.819136,0.357632,7.5e-05,1.257027,0.029655,1e-05,0.385123
20200501,0.0273854873416742,0.02604004,0.0013454438401162632,2.01549,-0.014517,0.5714239999999999,0.443484,2.8000000000000006e-05,1.280215,0.027735000000000003,1e-05,0.470272
20200510,0.054784933772195316,0.05189217,0.002892761070447657,2.770595,-0.038344,1.074812,0.350555,0.092564,1.244456,-0.074927,1e-05,0.047356
20200311,0.012435791792337742,0.00987295,0.002562844863946703,1.819455,0.24235,0.35777,1e-05,0.976176,1.327834,-0.152482,1e-05,1.160847
20200503,0.01895553569485876,0.01676718,0.0021883528961742322,1.476964,0.059288,0.444012,1e-05,0.249949,1.031128,-0.381746,1e-05,1.332667
20200413,0.02753932516967249,0.02505708,0.0024822406960077533,2.43837,0.040407,0.278305,0.218626,0.111973,5.693278,-0.33749,1e-05,0.202398
20200412,0.03050629013997612,0.02719395,0.003312344408729745,2.62158,0.044719,0.294935,0.493196,0.107839,4.069483999999999,-0.396983,1e-05,0.095261
20200417,0.0199367073052476,0.017093999999999998,0.0028427067594702948,2.120494,0.068549,0.348024,1e-05,0.182084,2.291515,-0.41739,1e-05,0.998472
20200408,0.02683362395433292,0.02401456,0.0028190674396375557,2.227385,-0.010303,0.5711069999999999,1e-05,0.029337,2.527516,-0.387135,1e-05,0.773767
20200420,0.02054381644008988,0.01755707,0.002986747511101925,1.474705,0.006608,0.389899,1e-05,0.041097,1.020148,-0.489658,1e-05,2.17765
20200701,0.02212055664293528,0.01958159,0.0025389699531562352,2.664119,0.001636,0.17078,0.865825,0.092324,1.292021,-0.182234,1e-05,0.008904
20200410,0.038587423892187465,0.02850541,0.010082018478056341,4.208079,0.481536,0.338269,0.594816,1.23534,2.568667,-0.47195,1e-05,0.069909
20200415,0.01981874556023436,0.01735128,0.002467467567237429,2.352349,0.015234,0.307775,1e-05,0.053134,3.81847,-0.35509,1e-05,0.562681
20200505,0.022253920471919642,0.02031732,0.001936597560622753,1.955247,0.055425,0.437912,1e-05,0.175599,2.330791,-0.303097,1e-05,0.486497
20200421,0.020054830762533917,0.01736617,0.00268865839769838,2.381569,0.075321,0.32766100000000004,1e-05,0.201231,2.748962,-0.367382,1e-05,0.665326
20200315,0.09012081753933912,0.0679664,0.02215441807128752,8.984921,0.057321,2.178935,0.415443,1.2e-05,1.91755,-0.324877,1e-05,0.255183
20200416,0.020371503965328115,0.01736336,0.003008139304280863,2.054604,0.014191,0.374788,1e-05,0.054721000000000006,2.05381,-0.4492640000000001,1e-05,1.038506
20200331,0.02150349180547464,0.01948494,0.0020185538426224963,1.187134,-0.0006349999999999999,0.557663,0.038673,1.6e-05,3.520399,-0.377387,1e-05,0.252693
20200527,0.017924615646721185,0.01653941,0.0013852035064303393,1.330198,0.02557,0.399082,1e-05,0.0015630000000000002,1.887227,-0.294196,1e-05,0.8604809999999999
20200328,0.03652848942416051,0.03547467,0.001053819350209759,1.300834,0.007812,0.361713,1e-05,1e-05,15.361368,-0.241648,1e-05,1e-05
20200507,0.020670020248857536,0.01887637,0.0017936531249181337,1.881133,-0.027544,0.547555,1e-05,0.08894500000000001,1.939655,-0.277598,1e-05,0.535879
20200529,0.013016471025942193,0.01014173,0.002874741413149332,2.297676,0.15726600000000002,0.264464,0.196806,0.809285,1.59253,-0.284242,1e-05,1.2481
20200429,0.0202462417406942,0.01774568,0.0025005628611598995,0.635936,-0.34865100000000004,0.495766,0.373515,0.843087,1.077063,-0.103929,1e-05,0.970186
20200526,0.020153223435057214,0.01862672,0.0015265001819051187,1.469885,-0.007821,0.381961,1e-05,0.01848,2.288688,-0.307821,1e-05,0.661234
20200327,0.025855809755012213,0.02433919,0.0015166203259637866,0.169979,0.120274,0.572408,1e-05,0.59609,8.510542999999998,-0.261383,1e-05,1e-05
20200528,0.01930272514490116,0.01760376,0.0016989688642973645,1.989222,-6.7e-05,0.309834,1e-05,0.039765,2.259383,-0.284603,1e-05,0.85765
20200513,0.025902492943487808,0.02360133,0.002301160821046836,2.236231,0.016819,0.40496,1e-05,0.093155,3.490726,-0.335487,1e-05,0.232144
20200612,0.01696319299845038,0.01315986,0.003803328679901439,2.47766,0.328014,0.235503,0.088689,0.8326049999999999,2.164684,-0.272594,1e-05,0.8383729999999999
20200625,0.014653140024179103,0.01188603,0.0027671112019321967,1.906016,0.285403,0.22876,0.192965,1e-05,1.167789,-0.337108,1e-05,1.659126
20200425,0.01972416956364844,0.01383411,0.005890061768180826,4.31367,0.021666,0.227856,0.627135,0.003451,1.6659240000000002,-0.414559,1e-05,0.033304
20200405,0.03501738041140423,0.032197500000000004,0.0028198770900950396,1.6757689999999998,0.002648,0.534362,1e-05,0.017068,2.161044,-0.444109,1e-05,0.8275959999999999
20200329,0.028001136057380662,0.02714424,0.0008568941145656894,0.665508,0.009109,0.398474,0.002632,0.048591,13.564666,-0.246239,1e-05,0.007844
20200525,0.018589888821831303,0.01729274,0.0012971452978479876,1.428207,-0.004004,0.386214,1e-05,0.027458,3.3792690000000003,-0.271867,1e-05,0.377847
20200604,0.012650554069526287,0.01199951,0.0006510422229106303,1.302928,-0.077668,0.440665,1e-05,0.23344,1.210397,0.015856,1e-05,1.323135
20200508,0.033282576491519576,0.03216976,0.0011128158280434158,1.597855,-0.07458,0.711979,1e-05,0.192318,1.261098,-0.016324,1e-05,0.705403
20200402,0.032572018109048674,0.03014008,0.0024319385146579684,0.378805,0.084135,0.528126,1e-05,0.200602,2.335637,-0.4486979999999999,1e-05,0.134012
20200622,0.015070117289025506,0.01225803,0.002812089208772233,2.50362,0.17612,0.19984,0.111077,0.486886,1.834074,-0.309669,1e-05,1.059855
20200623,0.016762987853399088,0.01242429,0.004338694136124093,2.932107,0.302534,0.214087,0.288572,0.927429,1.926535,-0.267348,1e-05,0.7482489999999999
20200620,0.01617664379073769,0.01401851,0.002158134763825369,2.648386,0.115572,0.137049,1e-05,0.284801,3.955909,-0.228447,1e-05,0.5491060000000001
20200624,0.014821870036267462,0.01269651,0.0021253562424142095,2.115513,0.091314,0.21877800000000006,0.096454,0.446205,1.572892,-0.29843400000000003,1e-05,1.373137
20200602,0.02721393337875216,0.02569638,0.0015175508645928705,1.5502790000000002,0.095024,0.546942,1e-05,0.794619,1.2724209999999998,0.040021,1e-05,0.8693
20200411,0.02704068224962959,0.02011227,0.0069284150837837155,2.212996,0.45911,0.37114,0.442292,1.190634,2.940902,-0.457182,1e-05,0.084039
20200609,0.012786658625524066,0.01135852,0.0014281342140747195,1.440478,0.090424,0.32177100000000003,1e-05,0.397931,1.381934,-0.258745,1e-05,1.25083
20200607,0.012343315351700926,0.01075085,0.0015924689234716035,1.6474950000000002,0.099722,0.32197800000000004,1e-05,0.510404,1.509122,-0.242073,1e-05,1.174288
20200617,0.014246887855890481,0.01282394,0.0014229443489244876,1.813469,0.08369299999999999,0.233752,1e-05,0.22177600000000006,3.106694,-0.243175,1e-05,0.511951
20200610,0.012708924733935029,0.010876899999999998,0.001832028985641175,1.562439,0.093146,0.362134,1e-05,0.8184520000000001,1.486332,-0.213546,1e-05,1.187105
20200330,0.026136184537220258,0.02507962,0.0010565691220058493,0.421075,-0.0017219999999999998,0.573272,1e-05,0.082161,9.175951,-0.261856,1e-05,1e-05
20200627,0.014557279328232912,0.01291261,0.001644670418092533,1.571932,0.004622,0.14544200000000002,0.332491,0.02787,1.165543,-0.319027,1e-05,1.563191
20200606,0.014759582676634306,0.01108404,0.003675543390161256,1.971793,0.313538,0.260943,0.013787,0.988746,1.7910580000000005,-0.294786,1e-05,0.942187
20200614,0.012450039433567341,0.00938868,0.0030613637039596537,2.011951,0.281987,0.23160300000000006,1e-05,0.852809,2.837613,-0.259939,1e-05,0.5818479999999999
20200621,0.012918946724813562,0.0112309,0.0016880480174967095,2.154102,0.092813,0.197183,1e-05,0.275382,2.9304810000000003,-0.236465,1e-05,0.714819
20200626,0.017389984605244532,0.013656399999999999,0.0037335802449758853,3.644423,0.055497000000000005,0.136588,0.349665,0.227464,1.866583,-0.292191,1e-05,0.7721600000000001
20200629,0.014686453411780575,0.01316473,0.0015217255160444132,1.942226,0.008348999999999999,0.142704,0.011652,0.070587,1.946481,-0.272231,1e-05,1.236706
20200519,0.02679531346993695,0.02327459,0.0035207280716504853,2.141286,0.021786,0.526115,1e-05,0.141534,1.343233,-0.479805,1e-05,1.285514
20200619,0.013658742614292615,0.00870828,0.004950461289404692,2.926617,0.352595,0.15081,0.273383,1.055818,2.634709,-0.279639,1e-05,0.463851
20200628,0.016862825469199157,0.01605644,0.0008063828694613536,0.545801,-0.020487,0.171073,0.130588,0.17558800000000002,2.091319,-0.257964,1e-05,0.70287
20200323,0.0510435126807863,0.03782555,0.013217961718611736,5.668830000000002,-0.347738,1.942927,1e-05,1.275303,2.486568,-0.134259,1e-05,2.131751
20200603,0.014863876807911678,0.01406104,0.0008028376065733545,1.230011,0.011826,0.461469,1e-05,0.141316,1.191844,-0.163073,1e-05,0.931808
20200618,0.011627937662369131,0.00698294,0.004644996813806979,2.470685,0.381493,0.180464,0.040178,1.068624,2.903462,-0.281537,1e-05,0.5753590000000001
20200616,0.010997276127701149,0.00874289,0.002254390409516493,1.441156,0.202446,0.21716,1e-05,0.946762,4.303491,-0.220373,1e-05,0.297317
20200530,0.01551594401489785,0.01363726,0.001878686584605936,2.219067,-0.123116,0.275154,0.2407,0.274837,1.602028,0.230885,1e-05,1.102627
20200516,0.016054003645211732,0.01483305,0.0012209499597233507,1.120742,0.06345,0.374029,1e-05,0.19522,5.39455,-0.27413000000000004,1e-05,0.100485
20200608,0.0137197003176855,0.01065423,0.003065475288292464,1.998498,0.25237,0.318698,1e-05,0.873883,1.485947,-0.276501,1e-05,1.2834020000000002
20200613,0.011624359734534757,0.00747292,0.00415144429091365,2.370376,0.340164,0.203453,0.188252,0.98881,2.147296,-0.28566,1e-05,0.6565449999999999
20200531,0.018674845610170188,0.01724506,0.0014297865939814035,1.7733830000000002,-0.067821,0.3621,0.138834,0.15574100000000002,1.592101,0.240866,1e-05,1.099299
20200404,0.029326221000824625,0.02082496,0.008501265924539848,0.029061,0.585106,0.414144,1e-05,1.46275,2.67106,-0.525971,1e-05,1e-05
20200601,0.014491007172398996,0.0122505,0.0022405109151013413,2.259366,-0.180698,0.327436,0.124333,0.46051,1.556253,0.236284,1e-05,1.307626
20200504,0.019222394056061482,0.01680244,0.0024199520773236184,0.010273,0.223124,0.456352,0.108371,0.802825,2.512097,-0.325201,1e-05,1e-05
20200502,0.0162447019599833,0.012823,0.0034217012847285767,0.271485,0.26558200000000004,0.395597,0.041088,0.853319,1.667417,-0.426061,1e-05,0.137419
20200524,0.01523155798470554,0.01240851,0.002823046190264453,2.591575,0.058126,0.270584,1e-05,0.190258,1.959329,-0.365594,1e-05,1.309783
20200521,0.01701408471567029,0.01247473,0.004539355787051015,1e-05,0.377132,0.327908,0.045897,0.96026,2.453536,-0.456655,1e-05,0.08440700000000001
20200605,0.016099056247279083,0.01493492,0.0011641316135978634,1.92258,-0.07385599999999999,0.346853,0.023281,0.319829,1.632823,0.121318,1e-05,1.354445
20200318,0.07430027122762503,0.05380477,0.020495500527105345,9.094386,-0.128328,1.779132,1e-05,0.470788,25.039867,-0.200573,1e-05,1e-05
20200611,0.011648978174682427,0.01077051,0.0008784698144492804,1.791911,0.010733,0.394928,0.046723,1e-05,1.5760610000000002,0.087737,1e-05,1.341468
20200630,0.02003543772820833,0.01806094,0.0019744933946412827,2.570722,-0.010994,0.164498,0.215284,0.046895,1.756951,-0.239991,1e-05,1.105171
20200506,0.018183170106650874,0.01757718,0.0006059876073521066,0.15379500000000002,0.001611,0.5145489999999999,0.00688,0.010961,5.0323,-0.183386,1e-05,1e-05
20200522,0.026210821430340897,0.01936066,0.0068501573161418045,1.087805,0.543692,0.265194,0.30347,1.305515,3.196218,-0.423166,1e-05,0.062559
20200509,0.02435979029618826,0.02373477,0.0006250251574677714,0.174733,-5.9e-05,0.5144569999999999,1e-05,0.002152,5.035745,-0.188215,1e-05,1e-05
20200511,0.0505307105912696,0.03995601,0.01057470491679668,7.071453,0.007515999999999998,0.526071,1e-05,6.6e-05,22.728825,-0.17213399999999998,1e-05,1e-05
20200515,0.016234974421724543,0.01042244,0.005812538465643089,0.094269,0.440327,0.401096,0.137035,1.52044,3.3829480000000003,-0.371549,1e-05,1e-05
20200523,0.01559406045639831,0.01009706,0.005497003526069254,2.296009,0.361037,0.284896,1e-05,1.141626,2.264987,-0.4188939999999999,1e-05,0.71522
20200517,0.020787522719117064,0.01430866,0.006478861523968941,1e-05,0.514945,0.327807,0.5807829999999999,1.366683,3.540538,-0.389177,1e-05,0.005982
20200512,0.02264971621530918,0.02111982,0.0015298995169647973,0.006702,0.172793,0.366808,0.320269,0.745858,7.823668,-0.209258,2.1e-05,0.006172
20200317,0.06169488111801935,0.03449441,0.02720047597971621,9.855163,-0.291428,2.288181,1e-05,1.079393,17.463331,-0.22923,1e-05,1e-05
20200520,0.023772021507389527,0.01713764,0.006634378164805177,1e-05,0.39292,0.420774,0.078904,1.339885,1.614931,-0.557848,1e-05,0.058296
20200615,0.010228914041608082,0.00746009,0.0027688249408486768,1e-05,0.218631,0.211067,0.023802,1.405148,8.976196,-0.164704,1e-05,0.068355
20200518,0.022247744391536848,0.01673333,0.005514411463605657,0.203484,0.289614,0.555609,1e-05,1.261343,1.636938,-0.526087,1e-05,1e-05
