date,cost,rmse,penalty,C,G,M,Y
20190420,0.037579331276238435,0.037579331276238435,0.0,9.987190,10.002774,10.002730,0.284613
20190428,0.017991841823422724,0.017991841823422724,0.0,9.988507,10.003214,10.001203,0.315782
20190401,0.02695034365195829,0.02695034365195829,0.0,9.991889,9.998604,9.978692,0.186106
20190414,0.023068953435281064,0.023068953435281064,0.0,9.878522,9.549425,10.781688,0.308275
20190415,0.016055693650712105,0.016055693650712105,0.0,9.983361,9.992528,10.021138,0.303039
20190416,0.014755244867462552,0.014755244867462552,0.0,9.718191,9.707473,11.315190,0.347688
20190505,0.019378039303065184,0.019378039303065184,0.0,9.965410,10.426867,11.798189,0.428663
20190417,0.02968425715218943,0.02968425715218943,0.0,9.345928,10.921337,11.007507,0.383798
20190427,0.017472936422473898,0.017472936422473898,0.0,9.941279,9.316121,10.638808,0.318861
20190422,0.03801864990149893,0.03801864990149893,0.0,9.206040,10.569645,12.200609,0.417993
20190421,0.035127330740548725,0.035127330740548725,0.0,9.612207,9.971170,11.260765,0.351882
20190413,0.026384381175806833,0.026384381175806833,0.0,9.244280,10.864998,12.246541,0.454196
20190418,0.033691572029075745,0.033691572029075745,0.0,7.155292,14.454740,14.837125,0.651750
20190419,0.035637561708377036,0.035637561708377036,0.0,10.540644,7.342593,9.129768,0.092171
20190402,0.06821319812014702,0.06821319812014702,0.0,3.626718,14.212637,34.616015,1.015994
20190501,0.021746968289808453,0.021746968289808453,0.0,6.860931,14.916531,17.897432,0.746220
20190429,0.022053087350191732,0.022053087350191732,0.0,6.792819,15.932504,17.696816,0.766392
20190410,0.01581333967699026,0.01581333967699026,0.0,5.759553,15.247756,21.855658,0.845986
20190424,0.020345529523691248,0.020345529523691248,0.0,4.150445,15.063569,28.364933,0.968080
20190430,0.017082716905201648,0.017082716905201648,0.0,4.243187,19.870260,24.413260,0.989499
20190504,0.01962898602251068,0.01962898602251068,0.0,8.881703,12.026700,12.546059,0.526030
20190425,0.023018673684233135,0.023018673684233135,0.0,2.916991,20.274368,29.179420,1.108012
20190510,0.022893463023744624,0.022893463023744624,0.0,7.269142,13.250530,19.082864,0.774108
20190412,0.012707247107508417,0.012707247107508417,0.0,8.729646,12.315176,13.058116,0.554489
20190502,0.01883118841128122,0.01883118841128122,0.0,1.775946,29.892791,21.558234,1.235709
20190524,0.024272301163422,0.024272301163422,0.0,4.516424,29.492165,16.402027,1.151952
20190525,0.020852594904722813,0.020852594904722813,0.0,4.979762,26.872489,16.208587,1.117290
20190603,0.019622364042842927,0.019622364042842927,0.0,7.799278,17.882643,12.285246,0.855412
20190423,0.027562708216207574,0.027562708216207574,0.0,2.248794,19.075402,33.345634,1.178387
20190602,0.021720834159958895,0.021720834159958895,0.0,6.433660,19.109330,17.626135,1.004378
20190526,0.016775611308230697,0.016775611308230697,0.0,3.983103,39.948803,8.751997,1.076814
20190601,0.020749194020368854,0.020749194020368854,0.0,3.848647,36.114078,13.204364,1.160758
20190608,0.014646357500374827,0.014646357500374827,0.0,9.286951,11.186595,12.020116,0.612903
20190609,0.011412876079615096,0.011412876079615096,0.0,8.269830,15.362653,12.881925,0.735456
20190426,0.02169302769171819,0.02169302769171819,0.0,0.765818,20.114035,42.736529,1.443048
20190607,0.015603953756948704,0.015603953756948704,0.0,9.109993,11.668980,12.492892,0.662198
20190611,0.010643440045271828,0.010643440045271828,0.0,4.937452,17.868697,22.894068,1.028459
20190509,0.02086884464792464,0.02086884464792464,0.0,0.324694,13.822584,49.087798,1.610571
20190531,0.02402430145912342,0.02402430145912342,0.0,1.654855,34.947332,25.203374,1.431374
20190604,0.026375709917186914,0.026375709917186914,0.0,1.540653,36.781189,21.466096,1.429458
20190612,0.010084584957142866,0.010084584957142866,0.0,5.578878,14.990370,22.441377,0.962379
20190503,0.014710412822667981,0.014710412822667981,0.0,0.640845,25.591440,42.755543,1.492942
20190406,0.0468978475867538,0.0468978475867538,0.0,0.115714,26.606369,46.044047,1.784765
20190615,0.017990295198217085,0.017990295198217085,0.0,8.414790,14.154931,13.046863,0.724738
20190507,0.02401725703074313,0.02401725703074313,0.0,0.193415,22.197094,51.448653,1.706856
20190405,0.06725381496480688,0.06725381496480688,0.0,0.091951,32.958245,38.799079,1.815366
20190407,0.04663742361752925,0.04663742361752925,0.0,0.142754,27.734517,44.502018,1.766417
20190506,0.01657241761952111,0.01657241761952111,0.0,0.236725,27.984877,44.708001,1.674885
20190508,0.031271864704874905,0.031271864704874905,0.0,0.056442,22.327501,50.082384,1.855106
20190527,0.07155124249035806,0.07155124249035806,0.0,1.009813,37.735162,24.967591,1.561837
20190614,0.010183900178783793,0.010183900178783793,0.0,8.693210,13.697318,12.388008,0.684125
20190620,0.033032785565242855,0.033032785565242855,0.0,5.727443,18.396927,17.715645,1.019274
20190521,0.041553186719793515,0.041553186719793515,0.0,1.091731,32.981699,27.788800,1.534413
20190403,0.10498403925063172,0.10498403925063172,0.0,0.026279,35.248642,34.557013,1.921365
20190408,0.08072234872871492,0.08072234872871492,0.0,0.072691,37.902417,33.162438,1.846033
20190616,0.04449130129625543,0.04449130129625543,0.0,2.826862,22.580232,29.761530,1.259647
20190411,0.018467358225545814,0.018467358225545814,0.0,0.265252,23.290867,43.840110,1.646253
20190409,0.0394722244309062,0.0394722244309062,0.0,0.088912,30.774658,45.530452,1.816995
20190613,0.01168792344042392,0.01168792344042392,0.0,1.068776,21.117602,38.977934,1.447953
20190619,0.043054108430370316,0.043054108430370316,0.0,3.195388,23.232128,26.318274,1.249106
20190708,0.022229137949821582,0.022229137949821582,0.0,10.000084,10.002421,10.000227,0.724676
20190523,0.03899426757202151,0.03899426757202151,0.0,0.106329,29.958829,41.083427,1.849885
20190404,0.10522438294972601,0.10522438294972601,0.0,0.021693,31.630248,38.365552,1.939027
20190511,0.04728479142382543,0.04728479142382543,0.0,0.239718,25.173405,48.842400,1.709032
20190518,0.05824855859433381,0.05824855859433381,0.0,0.589555,24.562482,41.834324,1.660848
20190624,0.029930923114651134,0.029930923114651134,0.0,6.962371,24.704996,8.798114,0.937546
20190625,0.026645749902951113,0.026645749902951113,0.0,4.662268,30.107331,12.756693,1.153744
20190517,0.06875007870369738,0.06875007870369738,0.0,0.498625,31.750285,35.904476,1.688559
20190605,0.02098926705972566,0.02098926705972566,0.0,0.414999,26.030375,38.772426,1.664094
20190610,0.013205546817962335,0.013205546817962335,0.0,0.564225,26.825050,39.718299,1.577605
20190530,0.0560729960281562,0.0560729960281562,0.0,0.074373,30.764648,38.178880,1.884434
20190606,0.01904607387759357,0.01904607387759357,0.0,0.112907,27.742610,41.981668,1.822332
20190529,0.04432538130500699,0.04432538130500699,0.0,0.157778,34.202622,34.123522,1.817063
20190513,0.054102245995184255,0.054102245995184255,0.0,0.186927,29.288398,40.960675,1.773244
20190522,0.03858070426890873,0.03858070426890873,0.0,0.354034,36.467059,30.206970,1.713606
20190623,0.036126247287771626,0.036126247287771626,0.0,5.999759,21.063028,17.356481,1.138294
20190701,0.01992097335772888,0.01992097335772888,0.0,3.952147,27.695152,19.069653,1.265334
20190621,0.045895157199053,0.045895157199053,0.0,1.047262,35.737047,26.329853,1.522958
20190705,0.024635620672012533,0.024635620672012533,0.0,3.532754,32.084237,17.590336,1.294616
20190706,0.014250057208138307,0.014250057208138307,0.0,4.125307,32.361188,14.197705,1.215668
20190528,0.062561268454828,0.062561268454828,0.0,0.227147,34.293401,36.095095,1.781296
20190519,0.09130811377656751,0.09130811377656751,0.0,0.229224,34.417006,34.658852,1.795202
20190709,0.02085321040990367,0.02085321040990367,0.0,4.029045,29.855028,15.879668,1.254086
20190520,0.07114877222637307,0.07114877222637307,0.0,0.252640,36.772267,33.374190,1.774194
20190628,0.08250532568820129,0.08250532568820129,0.0,2.977917,37.651728,15.232716,1.390544
20190630,0.033432284658176735,0.033432284658176735,0.0,3.185931,38.667686,12.843077,1.303968
20190512,0.08871661973414674,0.08871661973414674,0.0,0.178614,27.553893,44.630215,1.795966
20190516,0.08134424016092731,0.08134424016092731,0.0,0.077494,30.435087,35.774837,1.893751
20190713,0.019005454795820227,0.019005454795820227,0.0,2.846971,27.106934,25.828102,1.363859
20190514,0.09570259200711992,0.09570259200711992,0.0,0.393170,37.577204,28.361680,1.733358
20190726,0.014136839335021056,0.014136839335021056,0.0,4.330594,25.007299,19.213980,1.243611
20190515,0.08673789904916793,0.08673789904916793,0.0,0.162778,33.935339,33.410885,1.831888
20190802,0.012507474323704292,0.012507474323704292,0.0,5.514359,28.264734,11.810622,1.095420
20190803,0.013159864833268036,0.013159864833268036,0.0,7.772603,18.566941,10.830826,0.913495
20190804,0.012574673005417378,0.012574673005417378,0.0,4.019566,27.924718,18.309724,1.226477
20190702,0.05015467533062656,0.05015467533062656,0.0,1.007816,30.095511,31.184766,1.595235
20190715,0.07129901276135242,0.07129901276135242,0.0,0.992020,36.868611,26.280057,1.604390
20190712,0.030976176770194177,0.030976176770194177,0.0,1.714349,34.332431,25.209478,1.487370
20190809,0.012720374511965263,0.012720374511965263,0.0,10.075487,10.808796,8.841509,0.680534
20190729,0.016438971642618014,0.016438971642618014,0.0,2.522274,17.531469,35.529317,1.367395
20190622,0.048685827988334394,0.048685827988334394,0.0,1.203241,31.012365,30.250976,1.562588
20190811,0.010470730240780674,0.010470730240780674,0.0,10.333163,10.156315,8.354335,0.634347
20190617,0.056146553260811534,0.056146553260811534,0.0,0.262974,38.437228,29.857588,1.732895
20190812,0.013035474176737609,0.013035474176737609,0.0,10.333782,9.112497,9.215082,0.630630
20190707,0.023903997443414666,0.023903997443414666,0.0,1.457160,26.921529,30.898291,1.499220
20190813,0.017877781584586486,0.017877781584586486,0.0,10.377584,8.697485,9.270874,0.598418
20190618,0.07331391121407761,0.07331391121407761,0.0,0.103160,28.765318,42.143030,1.851380
20190704,0.044019365031783955,0.044019365031783955,0.0,0.720453,33.403511,26.609004,1.640882
20190820,0.01611161828564218,0.01611161828564218,0.0,9.337788,10.471750,12.042397,0.764027
20190810,0.012084025127984106,0.012084025127984106,0.0,9.424413,13.051173,9.609385,0.780201
20190823,0.014953978782336808,0.014953978782336808,0.0,9.738214,10.193125,10.863877,0.686890
20190719,0.09123452699145745,0.09123452699145745,0.0,0.810790,25.967587,37.499718,1.651196
20190629,0.058120428492865674,0.058120428492865674,0.0,1.141475,34.742484,27.080948,1.589320
20190807,0.016900275127406966,0.016900275127406966,0.0,3.329159,26.295670,20.890323,1.318755
20190819,0.01585167324833243,0.01585167324833243,0.0,8.213111,12.798186,15.144011,0.908479
20190714,0.028184965048814757,0.028184965048814757,0.0,0.843230,25.101504,39.465082,1.612764
20190821,0.014848971027346973,0.014848971027346973,0.0,6.498470,15.152870,18.421603,1.009984
20190824,0.015337030151945322,0.015337030151945322,0.0,10.587869,7.715180,9.278184,0.524981
20190822,0.016224645438434406,0.016224645438434406,0.0,3.740209,17.500683,23.993376,1.210771
20190830,0.013468768877233481,0.013468768877233481,0.0,9.869844,10.038755,10.548174,0.607904
20190816,0.011948125453129739,0.011948125453129739,0.0,7.391187,15.047446,16.220107,0.969517
20190831,0.014277408105854985,0.014277408105854985,0.0,9.651802,10.565649,10.916277,0.641367
20190808,0.018648807518865034,0.018648807518865034,0.0,2.088715,21.823639,30.570055,1.417986
20190906,0.014809437419179042,0.014809437419179042,0.0,9.996543,9.999729,9.999903,0.568479
20190907,0.017202450706257817,0.017202450706257817,0.0,9.995022,10.000643,10.002802,0.544464
20190727,0.017291472333921677,0.017291472333921677,0.0,1.312260,25.647550,34.670122,1.524185
20190902,0.01618064608051538,0.01618064608051538,0.0,9.419846,9.771970,12.688434,0.657927
20190908,0.022084946377722015,0.022084946377722015,0.0,9.994652,9.999699,10.002481,0.527915
20190901,0.013952493002561297,0.013952493002561297,0.0,8.530398,12.174438,14.221363,0.783052
20190814,0.017705427762938025,0.017705427762938025,0.0,2.106990,31.639774,20.308882,1.377887
20190817,0.03207310949550037,0.03207310949550037,0.0,3.300238,27.703281,23.643433,1.308199
20190716,0.050894070323811436,0.050894070323811436,0.0,0.699217,38.302699,26.276501,1.656394
20190827,0.01593462030960998,0.01593462030960998,0.0,4.445329,18.628507,24.413732,1.142023
20190818,0.027473151589329087,0.027473151589329087,0.0,3.092999,22.799822,27.925537,1.314590
20190911,0.031336674684145964,0.031336674684145964,0.0,9.594456,10.193304,10.865824,0.570362
20190909,0.02035875632299115,0.02035875632299115,0.0,9.971847,9.198114,10.616541,0.519776
20190910,0.025913296396420246,0.025913296396420246,0.0,10.088791,8.682650,10.528689,0.494002
20190917,0.019509136558140024,0.019509136558140024,0.0,9.813905,9.751643,10.810134,0.542137
20190918,0.025396724692486407,0.025396724692486407,0.0,9.360512,10.662489,11.655296,0.599319
20190724,0.05480364707841522,0.05480364707841522,0.0,0.286731,34.242620,30.427948,1.783533
20190912,0.04253250089562887,0.04253250089562887,0.0,7.390488,11.991617,17.234258,0.810954
20190916,0.021137396560007782,0.021137396560007782,0.0,10.643597,7.604827,9.001711,0.345683
20190919,0.03328910575491531,0.03328910575491531,0.0,7.678366,12.639118,16.455807,0.808084
20190923,0.02999813298500725,0.02999813298500725,0.0,10.430691,8.127768,9.364772,0.387878
20190717,0.14511100759182666,0.14511100759182666,0.0,0.099059,30.083907,38.332318,1.897404
20190914,0.021788399617899034,0.021788399617899034,0.0,11.360640,5.966284,7.013877,0.071442
20190825,0.0196200067251649,0.0196200067251649,0.0,1.390069,25.466025,33.338707,1.454577
20190703,0.04475261169880467,0.04475261169880467,0.0,0.288308,34.185727,35.430833,1.775503
20190903,0.013893077765604538,0.013893077765604538,0.0,7.678123,15.227636,14.244463,0.868724
20190915,0.02153742243554871,0.02153742243554871,0.0,11.324768,5.999708,7.630033,0.135086
20190718,0.09395514725429077,0.09395514725429077,0.0,0.118000,22.368482,44.477149,1.877960
20190731,0.025355487460978987,0.025355487460978987,0.0,0.311028,25.430610,41.917841,1.752202
20190920,0.021710267019994137,0.021710267019994137,0.0,10.985139,6.962298,7.761608,0.219764
20190720,0.05805813844801715,0.05805813844801715,0.0,0.651130,35.589604,29.998291,1.679984
20190921,0.03040239817916621,0.03040239817916621,0.0,11.155634,6.119170,7.826602,0.129693
20190913,0.01905564208893597,0.01905564208893597,0.0,11.191833,6.423839,7.382254,0.174671
20190801,0.02295481044763108,0.02295481044763108,0.0,0.249803,32.115521,32.078376,1.773835
20190922,0.027934316639553355,0.027934316639553355,0.0,10.846572,6.684854,8.833661,0.262432
20190806,0.03542372257449663,0.03542372257449663,0.0,0.734891,35.452924,27.992357,1.642488
20190828,0.01842863755476422,0.01842863755476422,0.0,1.434169,19.876490,35.294942,1.431860
20190924,0.02791194357650644,0.02791194357650644,0.0,6.548235,11.891364,21.889507,0.882052
20190728,0.025640866878934843,0.025640866878934843,0.0,0.508792,32.210548,36.079354,1.692987
20190730,0.02681322233893719,0.02681322233893719,0.0,0.326634,23.554017,46.992946,1.746636
20190725,0.045564775465673855,0.045564775465673855,0.0,0.157456,35.473077,34.665871,1.847690
20190711,0.05012791879032477,0.05012791879032477,0.0,0.191214,31.936590,31.303569,1.824940
20190904,0.014912714156699371,0.014912714156699371,0.0,1.513974,19.358567,10.507096,1.306829
20191003,0.030983985377984753,0.030983985377984753,0.0,8.541559,11.794535,12.656883,0.776418
20191009,0.044727268813531354,0.044727268813531354,0.0,10.355174,7.639423,10.096411,0.464177
20190722,0.04932150558516927,0.04932150558516927,0.0,0.280250,32.394451,37.117675,1.784765
20190721,0.08110303368788117,0.08110303368788117,0.0,0.379174,35.187708,31.625173,1.753367
20190710,0.029023395658241066,0.029023395658241066,0.0,0.582447,36.855090,31.306954,1.683580
20190723,0.06288293539155783,0.06288293539155783,0.0,0.199522,29.851283,38.783295,1.824626
20191008,0.033118205599190036,0.033118205599190036,0.0,10.987903,6.525740,8.629036,0.330601
20191007,0.029169020073632042,0.029169020073632042,0.0,10.963039,6.236162,9.058862,0.356361
20190626,0.08367817031515459,0.08367817031515459,0.0,0.168545,34.234775,34.679163,1.841513
20191017,0.050820251418043354,0.050820251418043354,0.0,9.627837,6.988940,13.353903,0.455126
20191016,0.03764458875541988,0.03764458875541988,0.0,10.749233,7.234983,8.984767,0.329531
20191018,0.031735043263589655,0.031735043263589655,0.0,11.445085,5.761910,7.154035,0.031767
20191004,0.019110951337139834,0.019110951337139834,0.0,11.424485,5.769179,7.402398,0.218739
20191024,0.050444183625347194,0.050444183625347194,0.0,6.004238,17.751590,15.747095,0.885838
20191005,0.02513853772406996,0.02513853772406996,0.0,11.653785,5.053318,7.001022,0.084597
20191019,0.037433771034493704,0.037433771034493704,0.0,11.200771,5.574898,8.027847,0.085016
20191020,0.037477681900943846,0.037477681900943846,0.0,10.902195,6.030434,8.598389,0.162700
20191023,0.04556285022292409,0.04556285022292409,0.0,9.631669,6.902462,12.589591,0.401075
20191014,0.03439819371001535,0.03439819371001535,0.0,11.352788,5.702253,7.230536,0.098850
20191013,0.032877158430991336,0.032877158430991336,0.0,11.573452,5.128975,7.244599,0.073245
20191006,0.03130101384091514,0.03130101384091514,0.0,11.043789,5.539200,8.872377,0.286364
20191012,0.029848213500758,0.029848213500758,0.0,11.670415,4.979195,7.003720,0.028682
20191015,0.03205642774096179,0.03205642774096179,0.0,10.971153,6.673542,8.489780,0.262933
20191011,0.026766616287132085,0.026766616287132085,0.0,11.665659,5.078541,6.716885,0.023101
20191021,0.04001776971463852,0.04001776971463852,0.0,11.184198,6.119357,7.868034,0.108543
20191002,0.023651146291736706,0.023651146291736706,0.0,7.641947,10.693928,17.940791,0.874850
20190815,0.05175453573179631,0.05175453573179631,0.0,0.088870,27.149198,38.349401,1.883381
20191022,0.04586330447057869,0.04586330447057869,0.0,10.556471,6.523527,9.381293,0.231554
20191030,0.02515027698999766,0.02515027698999766,0.0,9.208781,11.184987,11.473053,0.647869
20191001,0.014046158544490261,0.014046158544490261,0.0,3.544969,9.981565,35.953400,1.177741
20191010,0.061514044321933845,0.061514044321933845,0.0,8.543530,7.083977,14.048225,0.597010
20190829,0.029228838532357956,0.029228838532357956,0.0,0.087903,33.664274,33.005487,1.860774
20190627,0.038283695846632416,0.038283695846632416,0.0,0.355488,27.904647,33.106916,1.784774
20190805,0.04047816585143056,0.04047816585143056,0.0,0.340065,29.908419,39.626522,1.752809
20190928,0.01857819390624985,0.01857819390624985,0.0,4.770278,11.621074,31.265143,1.117232
20191107,0.055783938962996216,0.055783938962996216,0.0,10.410887,9.307145,7.562635,0.263428
20191031,0.039537785971886556,0.039537785971886556,0.0,7.709484,12.367244,15.590627,0.779029
20191106,0.04975127719782379,0.04975127719782379,0.0,10.385557,7.758937,8.833992,0.318350
20191025,0.041314057406901465,0.041314057406901465,0.0,11.828862,4.136865,5.854032,-0.449181
20190826,0.016817843528954213,0.016817843528954213,0.0,0.467672,28.970178,40.300952,1.659450
20191029,0.016655626365932843,0.016655626365932843,0.0,8.155055,15.659007,11.704861,0.788286
20191104,0.035263623014950576,0.035263623014950576,0.0,11.132163,6.576456,7.562510,0.148705
20191103,0.039271999256288,0.039271999256288,0.0,11.382640,5.944749,7.017769,0.060193
20191102,0.027836457410213004,0.027836457410213004,0.0,11.064993,6.146209,8.155459,0.166856
20191114,0.06480677089813879,0.06480677089813879,0.0,11.089958,5.936856,7.633843,0.052687
20191101,0.02743294147508922,0.02743294147508922,0.0,10.937520,6.980794,7.913269,0.244714
20190929,0.024949823035143814,0.024949823035143814,0.0,1.807066,13.505135,44.159198,1.399773
20191109,0.04260431569176181,0.04260431569176181,0.0,11.440276,5.324661,6.947778,-0.117143
20191113,0.055503394961467535,0.055503394961467535,0.0,11.278666,5.501192,7.177544,-0.049458
20191105,0.042601208531060045,0.042601208531060045,0.0,10.712289,7.043449,8.318310,0.239579
20191111,0.04656103645468286,0.04656103645468286,0.0,11.347803,5.754999,7.135109,-0.028305
20191110,0.04601806832453648,0.04601806832453648,0.0,11.498923,5.230412,6.074039,-0.246894
20191112,0.05202177829358753,0.05202177829358753,0.0,11.242014,5.900022,7.149456,-0.019334
20191116,0.05051391145591483,0.05051391145591483,0.0,11.614313,5.207628,5.938717,-0.281337
20191115,0.040992568534809766,0.040992568534809766,0.0,11.813210,4.796097,5.971431,-0.355282
20191108,0.04269001151811816,0.04269001151811816,0.0,11.549549,5.071026,6.490074,-0.209880
20191128,0.03272479544936962,0.03272479544936962,0.0,6.724564,15.558623,15.257000,0.842503
20191027,0.02050855022753819,0.02050855022753819,0.0,9.248645,12.634862,10.502553,0.728779
20191121,0.062213934416198144,0.062213934416198144,0.0,11.060920,6.371203,7.888671,0.140236
20191119,0.04656457275565415,0.04656457275565415,0.0,11.650798,5.075852,6.241568,-0.232303
20191201,0.03724053388471589,0.03724053388471589,0.0,10.521518,7.212241,9.588706,0.276777
20191120,0.057325557960478675,0.057325557960478675,0.0,11.007347,6.065403,7.763056,0.077510
20191118,0.04759093206746433,0.04759093206746433,0.0,11.651384,5.108858,5.912655,-0.273169
20191117,0.05484726839454464,0.05484726839454464,0.0,11.895351,4.136057,5.871587,-0.467556
20191204,0.04465185348515442,0.04465185348515442,0.0,10.355389,9.451713,8.471308,0.319468
20191130,0.036813124550949546,0.036813124550949546,0.0,11.226680,6.197804,7.484257,0.044307
20191124,0.03193541406287437,0.03193541406287437,0.0,10.471212,7.473012,9.288895,0.301440
20191123,0.02634162898225013,0.02634162898225013,0.0,10.882967,6.486168,8.572185,0.195884
20191129,0.027619450319983765,0.027619450319983765,0.0,11.168272,6.153861,7.689288,0.050266
20191205,0.04814291852823018,0.04814291852823018,0.0,9.647767,10.089390,11.255594,0.493569
20191209,0.038646935247537734,0.038646935247537734,0.0,10.782442,7.768285,8.089728,0.178395
20191211,0.043912634584103986,0.043912634584103986,0.0,10.507283,9.414464,7.637547,0.211837
20191217,0.04663854145598223,0.04663854145598223,0.0,9.805990,9.395829,11.063916,0.465222
20191202,0.03031013705349681,0.03031013705349681,0.0,10.772832,6.936935,8.596550,0.205614
20191219,0.06552562987970494,0.06552562987970494,0.0,9.716672,8.898458,12.295769,0.489278
20191126,0.02015475212505249,0.02015475212505249,0.0,8.207521,11.111087,15.897780,0.723440
20191225,0.0679422262364725,0.0679422262364725,0.0,10.439895,9.519125,7.368032,0.195304
20191203,0.03714791220171066,0.03714791220171066,0.0,10.416163,7.441451,8.807379,0.253678
20191226,0.07541448970269744,0.07541448970269744,0.0,10.039737,10.541226,7.705607,0.289380
20190926,0.06769831055522098,0.06769831055522098,0.0,0.038683,23.503161,42.128346,1.919276
20191212,0.03825074928906904,0.03825074928906904,0.0,10.971332,6.967408,7.834392,0.117401
20191206,0.029395301561802454,0.029395301561802454,0.0,11.124390,6.225664,7.687777,0.040197
20191215,0.02970576527951492,0.02970576527951492,0.0,11.509187,5.399014,6.773064,-0.157057
20191224,0.0613887678342152,0.0613887678342152,0.0,11.255057,5.779314,7.537181,-0.023551
20191216,0.03595649802509531,0.03595649802509531,0.0,11.417573,5.495232,7.344883,-0.078522
20191208,0.039170757959286186,0.039170757959286186,0.0,11.064460,6.210740,7.711411,0.026081
20191207,0.03612706124649446,0.03612706124649446,0.0,10.805482,6.973446,7.974043,0.116060
20190925,0.05375686840024857,0.05375686840024857,0.0,0.082400,32.828911,37.037023,1.863331
20191218,0.041087256816413203,0.041087256816413203,0.0,4.382223,11.772189,32.056694,0.993047
20191210,0.04029865596876406,0.04029865596876406,0.0,10.901489,6.631603,8.061918,0.104322
20190930,0.017073757726939965,0.017073757726939965,0.0,0.785871,18.242507,45.458672,1.577394
20191221,0.03887224882475192,0.03887224882475192,0.0,11.376400,5.610925,7.118762,-0.055360
20200108,0.06368703755427493,0.06368703755427493,0.0,9.993445,10.003169,10.002755,0.519446
20191222,0.04674384824512447,0.04674384824512447,0.0,11.663522,5.173695,6.193365,-0.277003
20191223,0.05462444848576017,0.05462444848576017,0.0,11.431115,5.167982,7.210654,-0.147113
20191220,0.03781385057062707,0.03781385057062707,0.0,11.064278,5.885861,7.916222,0.051188
20191214,0.0357163133257218,0.0357163133257218,0.0,11.566480,5.329711,6.628360,-0.196463
20190927,0.039357300861296254,0.039357300861296254,0.0,0.430498,27.078642,43.044684,1.689741
20191122,0.023239548137113736,0.023239548137113736,0.0,2.598229,30.249928,22.937177,1.277788
20191213,0.03254514755358193,0.03254514755358193,0.0,11.352808,5.899063,6.848859,-0.097525
20200116,0.050283162446697297,0.050283162446697297,0.0,9.993919,9.999489,9.996604,0.437036
20191028,0.023793858505195924,0.023793858505195924,0.0,2.596129,30.952692,21.966183,1.320532
20191227,0.046915835520262336,0.046915835520262336,0.0,11.680941,5.131466,6.283062,-0.277559
20191125,0.01962158750370647,0.01962158750370647,0.0,6.877406,15.169486,16.676419,0.867335
20190905,0.02004152472622322,0.02004152472622322,0.0,0.360005,17.195633,44.497009,1.668299
20200130,0.05162117719445342,0.05162117719445342,0.0,9.993296,9.999806,9.994601,0.411936
20191127,0.029068572710825104,0.029068572710825104,0.0,1.500587,15.511082,42.036072,1.354430
20200205,0.054352395351737186,0.054352395351737186,0.0,9.991383,10.000706,9.998392,0.375231
20191229,0.04980113645520758,0.04980113645520758,0.0,11.892231,4.118563,5.917263,-0.520917
20191228,0.04006290461668392,0.04006290461668392,0.0,11.858885,4.149259,5.951903,-0.480838
20200101,0.053849554052507936,0.053849554052507936,0.0,11.855558,4.597538,5.746833,-0.388344
20200115,0.04923952234743079,0.04923952234743079,0.0,6.990377,18.017413,11.124664,0.745470
20191231,0.0532318622447451,0.0532318622447451,0.0,11.712702,5.044878,5.844240,-0.292151
20191230,0.04950040126479361,0.04950040126479361,0.0,11.833082,4.074000,5.882372,-0.477985
20200102,0.05066196624367606,0.05066196624367606,0.0,11.978427,4.260187,5.796544,-0.453187
20200210,0.0543397700856193,0.0543397700856193,0.0,9.991606,10.001450,9.995637,0.379585
20200206,0.04669888364116758,0.04669888364116758,0.0,10.206059,10.073551,8.478768,0.328503
20200203,0.034495655441261916,0.034495655441261916,0.0,10.949048,6.520851,8.206413,0.077334
20200201,0.03584570846490958,0.03584570846490958,0.0,11.166497,6.316647,7.439366,-0.015400
20200113,0.042102379326409936,0.042102379326409936,0.0,11.384163,5.503004,6.417647,-0.102804
20200207,0.0442843228778644,0.0442843228778644,0.0,10.127255,9.436050,8.982166,0.321048
20200202,0.04059764507932745,0.04059764507932745,0.0,11.190391,7.166679,7.436676,0.055401
20200104,0.04625979831731624,0.04625979831731624,0.0,11.775584,4.033371,5.277526,-0.614883
20200129,0.04468533741043004,0.04468533741043004,0.0,10.259507,8.439198,8.487551,0.273560
20200121,0.04159510752363278,0.04159510752363278,0.0,11.277992,6.021556,6.589510,-0.091059
20200105,0.04311899535463807,0.04311899535463807,0.0,11.783122,4.289034,5.360600,-0.525003
20200120,0.03780810586016473,0.03780810586016473,0.0,11.353800,6.061890,6.945877,-0.020829
20200114,0.053382683348943305,0.053382683348943305,0.0,10.442706,7.083793,7.473594,0.167268
20200117,0.03561264827140178,0.03561264827140178,0.0,11.032609,6.698456,7.066462,0.079217
20200103,0.04464263926126584,0.04464263926126584,0.0,11.789152,3.993847,5.417243,-0.586056
20200124,0.03864542709288876,0.03864542709288876,0.0,11.651656,4.751727,6.625180,-0.286653
20200128,0.04368764684926359,0.04368764684926359,0.0,10.459435,7.170335,7.566285,0.138829
20200119,0.03700034431012335,0.03700034431012335,0.0,10.857280,7.027454,7.400434,0.140851
20200204,0.04287269169195707,0.04287269169195707,0.0,10.602922,7.976072,7.948356,0.163243
20200127,0.039637993885694646,0.039637993885694646,0.0,11.395301,5.448851,5.960084,-0.276121
20200123,0.04684534251108233,0.04684534251108233,0.0,11.237722,5.856021,6.116674,-0.196372
20200209,0.04535561224788011,0.04535561224788011,0.0,10.174436,9.348822,8.785034,0.310920
20200214,0.0299127154194723,0.0299127154194723,0.0,10.106398,10.045903,9.078012,0.368490
20200109,0.060427390859961,0.060427390859961,0.0,11.208481,5.574371,6.139208,-0.064104
20200107,0.054512031067946935,0.054512031067946935,0.0,11.472399,5.073116,5.865717,-0.220498
20200106,0.04951517796126592,0.04951517796126592,0.0,11.696424,4.283504,5.530661,-0.475660
20200126,0.039762688609149735,0.039762688609149735,0.0,11.705652,5.112162,6.061572,-0.309030
20200125,0.03837955062123246,0.03837955062123246,0.0,11.422991,5.017522,6.034988,-0.318275
20200122,0.04590334637768852,0.04590334637768852,0.0,11.269628,6.055446,6.709553,-0.058814
20200213,0.02503478595403098,0.02503478595403098,0.0,10.291241,10.507674,7.798402,0.299382
20200216,0.025103922321873716,0.025103922321873716,0.0,10.281686,9.718331,8.860126,0.352824
20200224,0.04123691051161751,0.04123691051161751,0.0,9.990189,10.000860,9.997948,0.341162
20200110,0.04810352606500054,0.04810352606500054,0.0,11.609733,3.929884,5.233402,-0.568554
20200131,0.02973581463981562,0.02973581463981562,0.0,11.047340,6.701180,6.992718,0.009543
20200312,0.18592074042626186,0.18592074042626186,0.0,10.001087,9.999729,10.000109,0.735876
20200112,0.04653419009245538,0.04653419009245538,0.0,11.734175,4.683076,5.732578,-0.305326
20200301,0.04315192459867347,0.04315192459867347,0.0,9.991295,10.000452,9.995757,0.358550
20200111,0.04565153203607382,0.04565153203607382,0.0,11.446118,4.674173,5.588428,-0.320250
20200118,0.033145074452865755,0.033145074452865755,0.0,11.278813,6.024617,6.577371,-0.045264
20200217,0.036706974427408334,0.036706974427408334,0.0,10.400576,9.289325,8.397226,0.286804
20200218,0.03156911889211676,0.03156911889211676,0.0,10.486786,9.419803,8.060514,0.257296
20200215,0.027195111761897525,0.027195111761897525,0.0,10.188835,8.388774,9.519810,0.314050
20200223,0.04495238711085206,0.04495238711085206,0.0,9.495351,9.133152,11.195984,0.369871
20200220,0.036989192911378435,0.036989192911378435,0.0,7.631552,12.036811,17.247675,0.732645
20200225,0.03724578597436804,0.03724578597436804,0.0,9.074106,10.613977,12.456050,0.490771
20200221,0.04968026664930701,0.04968026664930701,0.0,10.469666,7.402440,9.073258,0.205898
20200211,0.046760775881968676,0.046760775881968676,0.0,10.788318,6.862258,7.887991,0.075447
20200304,0.03704262640015984,0.03704262640015984,0.0,10.538252,8.564764,8.264581,0.207325
20200226,0.040324635198285955,0.040324635198285955,0.0,4.065993,15.911610,27.140694,0.998960
20200208,0.04563156571395017,0.04563156571395017,0.0,10.680480,7.196941,7.672674,0.120343
20200228,0.032620941521071506,0.032620941521071506,0.0,9.936882,10.594901,9.482503,0.370089
20200219,0.03305055828522402,0.03305055828522402,0.0,9.295986,11.792469,9.605020,0.469404
20200310,0.03762276270776032,0.03762276270776032,0.0,7.507525,12.539294,16.035531,0.716118
20200222,0.043944481467133104,0.043944481467133104,0.0,10.496138,7.225194,8.614933,0.140745
20200311,0.0307969815600723,0.0307969815600723,0.0,6.581211,15.557309,17.383847,0.820494
20200303,0.04171391391630722,0.04171391391630722,0.0,8.663809,11.725607,12.471374,0.526941
20200302,0.037628174322456825,0.037628174322456825,0.0,8.147418,12.559170,13.685034,0.608209
20200229,0.04760764922250739,0.04760764922250739,0.0,7.862800,11.517330,14.585298,0.603906
20200307,0.05787804662577944,0.05787804662577944,0.0,10.713819,5.829096,8.702508,0.018283
20200404,0.04979457173011882,0.04979457173011882,0.0,9.999497,9.998522,10.000972,0.680854
20200308,0.03932036097765773,0.03932036097765773,0.0,11.302334,5.675074,7.414466,-0.117106
20200306,0.058695874676056345,0.058695874676056345,0.0,10.623368,6.017652,8.200918,0.018971
20200305,0.051289432050447836,0.051289432050447836,0.0,10.523123,7.573263,8.013066,0.140580
20200331,0.03209046634581646,0.03209046634581646,0.0,8.751722,7.864595,16.192528,0.813946
20200402,0.034103732189591646,0.034103732189591646,0.0,9.792328,7.377293,13.265307,0.681074
20200227,0.03073956935773125,0.03073956935773125,0.0,1.234117,14.270055,38.369753,1.324342
20200405,0.04994134199298446,0.04994134199298446,0.0,9.467083,7.166353,13.089204,0.686699
20200410,0.056932329402017375,0.056932329402017375,0.0,11.103594,5.593253,8.523423,0.390038
20200407,0.037338688041781136,0.037338688041781136,0.0,8.527722,9.046572,15.480908,0.811214
20200409,0.03630348708517455,0.03630348708517455,0.0,10.985118,4.666586,9.518947,0.350898
20200416,0.04267545805039192,0.04267545805039192,0.0,10.368240,7.697807,10.079374,0.557833
20200406,0.05311840542680373,0.05311840542680373,0.0,8.690780,7.848360,15.761332,0.778905
20191026,0.035842648536611725,0.035842648536611725,0.0,0.557020,34.543016,33.266060,1.643043
20200414,0.04266506058418009,0.04266506058418009,0.0,11.191853,5.273515,9.482974,0.382450
20200411,0.03256601407938257,0.03256601407938257,0.0,11.239578,5.039773,9.148853,0.359239
20200412,0.03964620673201625,0.03964620673201625,0.0,11.456405,4.925512,8.919909,0.333401
20200418,0.04931011503583865,0.04931011503583865,0.0,11.975730,4.435995,6.796146,0.011002
20200327,0.03263556152011444,0.03263556152011444,0.0,3.374944,9.061508,35.052607,1.243755
20200413,0.0471179748788412,0.0471179748788412,0.0,8.937398,4.520177,15.152213,0.560732
20200401,0.024356768193355638,0.024356768193355638,0.0,7.297671,6.915108,21.021566,0.851051
20200422,0.04359590637605953,0.04359590637605953,0.0,10.491790,6.640265,10.813787,0.456271
20200415,0.03927062536336025,0.03927062536336025,0.0,11.240638,5.058652,9.054357,0.331943
20200420,0.05140661494806939,0.05140661494806939,0.0,11.432633,5.251552,8.012430,0.189252
20200424,0.05974755615806579,0.05974755615806579,0.0,9.898686,6.872507,12.016336,0.481444
20200419,0.05102947871152589,0.05102947871152589,0.0,11.490357,5.022566,7.887575,0.176515
20200427,0.048214094140567064,0.048214094140567064,0.0,9.635726,8.610017,12.106048,0.529581
20200428,0.04551881906885083,0.04551881906885083,0.0,9.575842,8.799284,11.456432,0.533080
20200426,0.05045322498853893,0.05045322498853893,0.0,10.931712,6.000256,8.566316,0.238237
20200417,0.05203980139734305,0.05203980139734305,0.0,10.224042,4.745976,11.064220,0.370969
20200320,0.2530684169358038,0.2530684169358038,0.0,0.669533,15.896098,42.942330,1.722238
20200423,0.037531675752724335,0.037531675752724335,0.0,11.621037,4.277555,7.285196,-0.025796
20200425,0.043397336749660426,0.043397336749660426,0.0,11.615057,5.086214,6.536014,-0.033654
20200502,0.021105491653148015,0.021105491653148015,0.0,9.269738,9.793970,12.604298,0.645184
20200429,0.039350213908224435,0.039350213908224435,0.0,3.945738,16.356615,25.876707,1.108650
20200505,0.016013909660099454,0.016013909660099454,0.0,9.523610,9.228302,12.621232,0.624377
20200403,0.03880002850672295,0.03880002850672295,0.0,2.553588,19.777922,27.134472,1.341683
20200330,0.04321311851979232,0.04321311851979232,0.0,3.089610,5.715113,41.681050,1.215170
20200314,0.16552538264868957,0.16552538264868957,0.0,0.936881,33.067538,26.319088,1.655635
20200326,0.05932546840818272,0.05932546840818272,0.0,1.011092,13.891087,43.786422,1.607053
20200316,0.5014833876837234,0.5014833876837234,0.0,24.048580,92.908686,6.303564,0.819246
20200504,0.024995367748484387,0.024995367748484387,0.0,7.364037,13.448364,16.141729,0.866200
20200328,0.04888362953369633,0.04888362953369633,0.0,2.137829,5.101027,47.930451,1.313690
20200506,0.0182015702665089,0.0182015702665089,0.0,3.628254,16.406488,27.959007,1.169256
20200520,0.040115271699474916,0.040115271699474916,0.0,9.534133,8.609898,12.121644,0.656443
20200503,0.029487258808014314,0.029487258808014314,0.0,8.236999,12.177845,13.454212,0.740749
20200518,0.020819555233527607,0.020819555233527607,0.0,9.900313,8.219653,11.696797,0.663479
20200317,0.28583423329810004,0.28583423329810004,0.0,0.366640,18.080867,41.084758,1.822284
20200515,0.026639108267291756,0.026639108267291756,0.0,9.252832,8.269208,14.073035,0.688721
20200517,0.026115649527046304,0.026115649527046304,0.0,10.767453,5.999057,10.660169,0.431742
20200526,0.04549284094198099,0.04549284094198099,0.0,10.115945,8.062482,10.889463,0.525143
20200525,0.039371126710796706,0.039371126710796706,0.0,9.936639,7.426026,12.413798,0.557608
20200521,0.03546923414218386,0.03546923414218386,0.0,10.727354,5.817501,10.481684,0.406013
20200212,0.050121181417881466,0.050121181417881466,0.0,0.060882,25.054156,39.477135,1.843070
20200522,0.05435137881420125,0.05435137881420125,0.0,10.154866,5.658351,12.582822,0.447812
20200309,0.034859201315799324,0.034859201315799324,0.0,0.129601,23.190611,36.660087,1.760783
20200529,0.07045994946504736,0.07045994946504736,0.0,9.991358,10.002764,10.003686,0.459388
20200507,0.019955463166635445,0.019955463166635445,0.0,2.667795,15.052837,32.840282,1.248831
20200519,0.03410245295030323,0.03410245295030323,0.0,8.273452,10.790902,15.340947,0.821863
20200523,0.051350961990963236,0.051350961990963236,0.0,10.769172,5.672003,9.951629,0.326417
20200319,0.07240813952588643,0.07240813952588643,0.0,0.122127,32.037314,45.604077,1.880141
20200524,0.0656658290894675,0.0656658290894675,0.0,10.825050,5.777485,8.852030,0.259137
20200318,0.2069653584199643,0.2069653584199643,0.0,0.159647,24.804720,37.237516,1.888951
20200601,0.044300049161008485,0.044300049161008485,0.0,9.993017,10.000715,10.002092,0.487073
20200512,0.023298735799745125,0.023298735799745125,0.0,7.102969,8.449530,22.487047,0.827531
20200612,0.051722418057593915,0.051722418057593915,0.0,9.994254,9.998321,9.995807,0.437997
20200605,0.04304911981180181,0.04304911981180181,0.0,9.994105,10.000475,9.994808,0.437798
20200527,0.052240805626664194,0.052240805626664194,0.0,7.823933,11.060610,16.187444,0.794265
20200516,0.0219944924233714,0.0219944924233714,0.0,7.307289,7.351937,21.846466,0.799104
20200509,0.02436320566803476,0.02436320566803476,0.0,2.647016,11.381049,37.404814,1.228590
20200511,0.10564699257343278,0.10564699257343278,0.0,2.070289,10.207590,43.016112,1.370417
20200513,0.029428378596884495,0.029428378596884495,0.0,4.353671,7.207665,33.308094,0.999725
20200528,0.04727807506601579,0.04727807506601579,0.0,10.499326,6.463400,8.984182,0.307028
20200609,0.03766548091112231,0.03766548091112231,0.0,9.911134,9.201658,10.630432,0.448925
20200608,0.036838470533188034,0.036838470533188034,0.0,9.273038,10.158337,11.970569,0.543855
20200531,0.04276399074982383,0.04276399074982383,0.0,10.123198,9.863035,9.099106,0.471432
20200611,0.0450285143429323,0.0450285143429323,0.0,9.126009,9.959513,12.557290,0.584171
20200530,0.05566086612444089,0.05566086612444089,0.0,10.280776,7.382769,8.911778,0.313831
20200614,0.039350303619517205,0.039350303619517205,0.0,10.585587,7.000641,9.708221,0.292306
20200606,0.04030380834430037,0.04030380834430037,0.0,9.987265,8.252708,10.862458,0.390994
20200615,0.042765608905835514,0.042765608905835514,0.0,7.981325,10.309785,16.758607,0.699567
20200607,0.036987959161877526,0.036987959161877526,0.0,9.543423,8.762539,11.841111,0.476503
20200315,0.20655138243648485,0.20655138243648485,0.0,0.214833,29.956088,33.620051,1.850739
20200610,0.03849066072987402,0.03849066072987402,0.0,7.005856,13.101655,17.467415,0.800978
20200616,0.03814577504010557,0.03814577504010557,0.0,10.071182,7.551635,11.390992,0.396763
20200603,0.020641932652212067,0.020641932652212067,0.0,4.424386,17.230485,23.779098,1.048722
20200617,0.04188179088611658,0.04188179088611658,0.0,10.178114,8.162372,10.439229,0.395497
20200624,0.05847570934288759,0.05847570934288759,0.0,10.486190,7.952322,8.731299,0.280568
20200329,0.04362208783536313,0.04362208783536313,0.0,2.335170,4.682111,44.590708,1.272904
20200622,0.04940917615564327,0.04940917615564327,0.0,10.988910,6.084320,8.820561,0.132419
20200613,0.04510299061399979,0.04510299061399979,0.0,11.161430,6.382756,7.574957,0.074131
20200625,0.0624357570781965,0.0624357570781965,0.0,9.246962,6.134901,13.234496,0.356223
20200618,0.044482214959072584,0.044482214959072584,0.0,11.138869,6.444408,7.680562,0.102045
20200623,0.05289702626953622,0.05289702626953622,0.0,10.642126,6.880083,8.797517,0.214462
20200621,0.0515882927166468,0.0515882927166468,0.0,10.613534,5.894743,8.676603,0.133330
20200604,0.03455515497722071,0.03455515497722071,0.0,3.346207,15.434295,28.080236,1.117044
20200620,0.047599728866536094,0.047599728866536094,0.0,11.438827,5.359180,7.271516,-0.065417
20200619,0.059193120170301206,0.059193120170301206,0.0,10.957566,5.360996,7.808418,-0.015035
20200602,0.03036921892702423,0.03036921892702423,0.0,2.469189,23.348347,26.259688,1.251687
20200324,0.15147485396944335,0.15147485396944335,0.0,0.072936,25.938440,36.067730,1.931258
20200321,0.10054072609284921,0.10054072609284921,0.0,0.212454,27.601175,39.111333,1.845569
20200325,0.14488417296342457,0.14488417296342457,0.0,0.055040,35.216691,30.749685,1.942395
20200626,0.059597022622253026,0.059597022622253026,0.0,11.451062,4.535603,7.129211,-0.236720
20200701,0.06943170912493392,0.06943170912493392,0.0,11.708021,4.426299,6.318629,-0.397769
20200323,0.1421330297640075,0.1421330297640075,0.0,0.074336,29.099369,34.070946,1.929143
20200322,0.1418655307732642,0.1418655307732642,0.0,0.080508,23.120669,40.205235,1.922987
20200421,0.03784957888512019,0.03784957888512019,0.0,0.247471,0.011787,45.178666,1.601917
20200313,0.2797669745494284,0.2797669745494284,0.0,0.025764,27.883914,35.914976,1.974046
20200630,0.06954386773397334,0.06954386773397334,0.0,11.665523,4.523086,6.442654,-0.339549
20200627,0.05649292114444191,0.05649292114444191,0.0,11.933665,4.122909,5.918161,-0.553735
20200628,0.06075403854158388,0.06075403854158388,0.0,11.585003,4.455606,6.972807,-0.276232
20200629,0.06188313566776311,0.06188313566776311,0.0,11.801581,4.277475,6.143328,-0.453963
20200430,0.05230064440555489,0.05230064440555489,0.0,0.033168,26.518733,41.360529,1.928483
20200408,0.023318416247688968,0.023318416247688968,0.0,0.262816,0.209478,49.015726,1.665228
20200501,0.037428387684165704,0.037428387684165704,0.0,0.098587,32.032617,37.041239,1.832750
20200514,0.07919225387072455,0.07919225387072455,0.0,0.044064,29.674326,37.538660,1.917620
20200510,0.09773500281009492,0.09773500281009492,0.0,0.038123,23.777298,41.716377,1.936993
20200508,0.04040812098075191,0.04040812098075191,0.0,0.070508,25.296144,42.006976,1.874776
